y,x_1,x_2
2.0,-0.8531641217605533,1.406366858773457
0.0,0.36984009782920313,3.3248374770556244
0.0,0.8344732243922114,3.4875734826521696
1.0,2.4611380898550164,1.679801173978676
2.0,-2.5457914604542977,4.8732823132119165
0.0,1.6434252941982526,5.374755992246226
1.0,3.3960339000768753,0.2749834146281144
2.0,1.4302823069965331,3.1504803456472183
0.0,1.0481436982860264,4.048759673724019
0.0,1.2396815454981494,4.7754628482245
1.0,3.1004216600388217,-0.15590107990510726
1.0,0.10368119604068182,0.7358767186247119
0.0,0.0004945400931501975,2.2322482046503778
0.0,1.611124364547813,4.810941673498981
2.0,-3.6932060395784108,3.914345467741593
0.0,-0.04683293805828126,4.331339034177931
1.0,1.9972539728970944,0.16794215159590897
1.0,2.181546085904009,0.787672370217477
2.0,-1.2781031579670776,3.828870271463004
2.0,-2.2894205395650262,3.9412779832623643
1.0,0.39875061866415495,0.25456618593854274
0.0,-1.3658948432314273,3.5119172517729926
0.0,1.8040518759882411,5.866002802926388
0.0,1.5089059578410058,4.7041965202975105
1.0,3.1073396498614207,-1.2946299940274844
0.0,1.804784907806154,5.259793857485995
2.0,-2.899680852740394,2.054393634231582
0.0,0.1427886468688565,4.124225879055185
2.0,-3.111534429415544,3.5167833921392426
1.0,3.7752905248912683,1.3997412735089678
2.0,-1.9849861179105845,2.734528905250619
2.0,-1.4041009970208416,2.6489714208576083
1.0,3.644498021427885,0.6910227087016777
2.0,-1.3636665523726532,1.9119088744946815
1.0,1.9960786372557908,1.1845039814340548
2.0,-2.530237668622828,3.6885353933284337
0.0,0.47992730163479824,3.406841553719481
0.0,0.8179797108105346,4.789501501896987
1.0,2.3422422182174225,2.575139173242019
0.0,0.10141648799286018,4.539656208322932
1.0,2.3431080485072124,1.0884140688887087
2.0,-1.8348841757984824,2.871710271446379
2.0,-1.5870031829793478,1.905543533490011
0.0,1.6042020711845995,4.097931729981692
0.0,0.5386378252764725,4.491831953775227
0.0,1.5687602113655212,4.16446260060715
1.0,0.7149280569368097,0.8553075724144382
0.0,0.6054545156899485,2.292582759852418
1.0,0.5435227093465538,0.9320082649632763
2.0,0.28706320663927665,4.9656441580463095
1.0,1.7084612682877984,-1.5007037107621102
2.0,-2.018729459349689,2.3738773427669027
2.0,-1.5274048049170497,3.3668683644980857
1.0,3.2002950185113956,1.5506373627675463
0.0,0.5114778976569523,3.9410240267579875
1.0,1.1066398952331853,-0.19109648589245554
1.0,2.1375865944096706,0.5709323385638401
1.0,0.8664624046802989,-0.3055386449058122
1.0,1.573710155272666,0.5176773058754085
1.0,3.73868120955317,1.3006773256243125
0.0,1.2154303148222532,4.243063078294391
2.0,0.05804925013159212,1.36748076007657
2.0,-3.1973231130915485,3.62852907930597
1.0,3.6334327202980448,0.5095146929578283
1.0,2.0711552426339184,0.7513297468176041
2.0,-2.4139070536908998,2.8474108292903964
2.0,-1.8616819395855417,3.553682801503072
0.0,-0.13991772448269035,4.089480416943595
1.0,1.4942757130434536,-0.13732829973174376
1.0,2.0570327217273707,-0.02238216550634342
2.0,0.6993914380826696,4.616669732742739
2.0,-1.2388356980658428,3.038073551041871
0.0,0.3214157097251562,2.042284313473053
1.0,2.6617318477256893,1.3287626477540846
2.0,-3.8233952182557136,3.7141561532427807
2.0,-2.8446215656569755,3.532602333524301
2.0,-2.0234688000815035,1.6015722952533866
1.0,2.552177145985192,0.2889823056640297
2.0,-0.9070950800837941,3.4090362573022692
1.0,2.977792294712248,0.39207055514832023
2.0,-2.0471692125017062,2.963477477477341
1.0,2.0081459321873343,-0.2410557130817792
0.0,-0.06868650047176295,3.6091677297310913
1.0,2.562363968160337,1.5546403464635348
0.0,-0.45036103079433953,3.6956077022899647
0.0,-0.5751582131216433,4.624248370667409
2.0,0.3016214239185586,2.8491448215845043
0.0,2.7634972330358716,4.929351825379246
1.0,2.68318160785857,0.25256361766826263
0.0,1.2103537151281525,2.1659119006016803
1.0,1.814843345426893,-1.1591916793208585
2.0,-0.9118293355105586,2.4869423472540606
0.0,2.6385839346131714,3.940069423339503
1.0,1.1214472956855313,2.9817936083099896
1.0,1.4920946378979498,1.948498474473345
0.0,-1.8672342077254283,5.340650088045567
2.0,-2.4518451740697835,2.340867852285848
1.0,3.666413934045302,0.0097406363796253
0.0,1.6704958758211492,4.723372675840198
2.0,0.8420159246683738,3.491252536472886
0.0,-0.14307677126123086,5.795770588794576
1.0,0.07620715213231954,2.5759381704885795
2.0,-2.0251816882078937,2.1094852557621553
0.0,1.7024141794450949,5.378454510109979
0.0,-0.5915621435358849,6.293544142990216
1.0,3.740722139360532,1.0733925845118366
1.0,-0.1145051903650236,1.3912647514150671
1.0,2.2871237853133137,2.4544741668494057
2.0,-1.0302076090896257,2.6787461954356124
1.0,2.7264262991019392,-0.37877104929272054
0.0,1.4136475776351016,6.069373674819196
2.0,-1.886912004036014,3.9684932451027826
2.0,-3.239229235734295,1.7987979854567069
2.0,-3.950352115685971,1.736831458605705
2.0,-0.5442967661026881,3.086477350260494
1.0,2.5603694624436657,1.193586283451538
0.0,0.4384716433296454,3.524581814171924
1.0,0.8174885690545688,-0.8183258504846012
2.0,-0.8419577779640169,4.769237867284785
1.0,3.373231770311893,0.7322566456226243
2.0,-2.242909039867877,3.5983521163573418
0.0,1.5739329641659232,4.272356642635289
0.0,0.8866685046451156,4.6142470557240856
2.0,-3.5485787638706348,2.318582148106677
2.0,-1.4954080717880005,2.7806800694862708
2.0,-1.8726617564939771,3.7720245830495758
2.0,-2.1878633240701135,3.868332059440692
0.0,2.2127959994452207,1.846998991778836
2.0,-1.233371579626539,1.9819743626231192
0.0,1.2668116317286426,3.237323018624033
0.0,-0.7595715609295703,5.264144866656423
2.0,-2.6872213193699865,0.8398046455716113
0.0,2.100004949543834,4.261673115204785
0.0,2.295861593611031,5.090103804315508
1.0,3.326100226763238,-0.32941360957488586
1.0,2.0949752227993903,-0.12732985303928857
0.0,0.9888701034114796,6.446831920135392
2.0,-0.05945107675781358,0.41407022670689786
1.0,0.8632338709251155,3.348150239730282
0.0,2.2175619423243167,3.1083321590031106
1.0,2.2926613228527195,1.0149646228445592
0.0,2.6137082962694604,3.4764483059884648
0.0,1.9536938655319347,4.374498034466346
2.0,-3.207211462975436,3.1274983728109254
1.0,0.41707206876267544,3.234182031322366
1.0,1.571441553213438,2.036950288489799
2.0,0.7485146611378672,1.958138895270198
1.0,2.3970162403941138,0.5264105484779031
0.0,-0.10061103373570157,5.878751768017586
0.0,1.128564589790839,4.786174563582032
1.0,3.68179876454618,0.41988590543784676
0.0,1.548548121253162,4.481926825104484
0.0,-2.1230858810174382,2.919046891065979
1.0,0.9465731024608754,2.5922456978962938
0.0,2.361290915139318,4.510792627239829
2.0,-0.40274975371711874,3.842279316525777
2.0,-1.1719691070136407,3.9289888170814993
1.0,3.045714199937896,0.5396758571429363
2.0,-1.1728130732596704,1.5993601133323634
1.0,3.054448408790252,1.2901431108831634
0.0,1.535669789787332,3.8594963986031785
1.0,3.0980751328153913,1.1186811775821923
0.0,0.42963107432568326,4.3247623182784585
0.0,0.07664166490301916,4.343157824584845
2.0,-3.32729806439619,1.935677292620712
2.0,-1.6978414557685149,1.3473660442467932
0.0,0.5019952993612699,2.9124827077684943
2.0,-2.6158631909262624,2.6869972119780345
0.0,-0.8266058047115601,2.1705869817679426
0.0,2.019026262822649,4.636033614463743
2.0,-0.5507613190849769,3.4858309752308823
1.0,0.40761646029180376,-0.38362675328499085
2.0,-1.980717669493493,3.9413491780557752
1.0,4.110033787044834,-0.05287436474024321
0.0,1.3341558875937622,5.895450403472826
2.0,-1.1500731830371818,3.3653334719560477
2.0,-1.4124097622296652,5.722773855107054
1.0,0.12958128559969362,2.648121359549129
1.0,2.286704268093341,-0.4907570770411045
0.0,-0.11248795871339556,4.3661218024037565
0.0,-0.42190973039353263,5.3847791117934145
0.0,0.558775499355112,4.491406090373166
0.0,2.5662869420106733,4.550186403981941
1.0,2.3135560826004116,-0.3099749660763236
0.0,1.5350650062230469,2.4602949039157216
2.0,-0.8417642054065608,4.204643038078832
1.0,1.8840422669447199,-0.5755000445545526
0.0,1.6110024206463938,4.599164673870203
0.0,-0.49567591272944345,5.464722707508672
1.0,3.3092955720361066,1.6165110915893577
0.0,0.19337977968207098,3.8346432772232686
1.0,1.3766701537832904,1.4689013200636742
0.0,0.9089104540079865,4.302125276166275
2.0,-2.4595776638080666,2.5578779690077686
2.0,-2.2816808623314273,4.201969275818295
1.0,0.058259939233469726,0.745780461970669
0.0,1.808797861774654,4.11229920167287
1.0,2.5384181587889203,-1.233401940016258
2.0,-2.6468835014942123,2.8765122060270447
0.0,-1.4434178748132171,3.6564417673989884
1.0,1.3755396969542149,0.5284341270975348
0.0,2.769164966335622,4.057597410929429
0.0,0.19965236032918232,4.870483907553808
2.0,-3.162433149871517,1.9677744425609656
0.0,0.49245774217867955,5.770721411907303
2.0,-0.8415722266661182,2.2654494257137907
1.0,1.2397558703799052,0.22048216831895007
1.0,4.033472333754693,-0.9623533672918405
0.0,2.6578838760968466,3.8113291750589453
2.0,-0.5355531631044739,2.8485743912786674
0.0,0.15545700126183515,6.295248282876236
2.0,-1.5927698349271715,3.5449513837316973
0.0,-0.22398833832098264,2.4500620113152562
0.0,-0.057200743519147945,6.595865271167231
2.0,-2.560362677300275,2.306368101797494
2.0,-1.0489487097849144,1.410952403243321
0.0,-0.12666605529743746,4.5350919463266495
1.0,3.151109830535491,3.5512288598253283
1.0,4.840227328569236,1.0381727065244672
2.0,-2.071167734312435,1.7279282312794981
0.0,2.2739213198963224,3.5461361413091232
0.0,2.129102156699287,5.898662743296009
2.0,-1.7117908913317077,4.3502162782321605
0.0,0.08256429208836724,3.312061081057573
0.0,-0.7300337674220292,6.701334623148396
2.0,-2.4959688630817443,2.0272996673526613
1.0,2.735121900414733,1.07322899513919
2.0,-1.182195238261754,2.9144309381423215
2.0,-1.6032977997693647,1.0219656257277745
2.0,-3.291386095387603,4.130395325083733
0.0,1.2499340686953757,4.545563263493709
0.0,0.9481623525207524,5.598821001183377
2.0,-2.5764990396085197,2.0966003939646116
2.0,-0.30921877942617315,4.64624663055427
2.0,-0.23445904568486164,2.6480903878089412
2.0,-2.309131813138614,0.7881884831067429
2.0,-0.9306322394157419,2.1198323195426934
0.0,0.40068310173695787,5.048217285460605
2.0,-0.024501633918267762,1.5442511038420057
0.0,2.343550899998456,2.821996343024007
0.0,1.2324461372386977,2.8534989429685247
2.0,-3.214655599346263,2.7080942153918026
2.0,-0.22184843466163207,3.805047701092754
0.0,0.16707088575764384,4.3419839973776115
1.0,3.80223706363709,0.9642543304705001
2.0,-1.1625162449903714,4.158630645508463
1.0,1.8633397761244266,-0.10068533192261286
2.0,-1.2377079347677602,1.7511007597013022
1.0,1.475368070457949,0.9007490788557488
0.0,1.0239901600502892,2.4233936744144673
1.0,1.4603129279786269,2.3575569164294654
1.0,3.5789852218100426,0.045838641362612065
0.0,0.6260652432490597,3.389996673274442
1.0,0.4740067096639595,1.546873523889706
0.0,2.105371216036631,4.790032223835856
1.0,1.654718369008601,0.8735087352848919
1.0,2.0927885778659614,0.7871291223075898
2.0,-2.9861959101169386,3.086688545302676
1.0,1.847110844945423,0.2856282122311965
0.0,1.3198825052172305,5.034399928818931
1.0,3.9854941085713462,0.2237691604140718
1.0,2.3039924178012203,1.2669427495532553
2.0,-2.1045751620790654,4.594360622909614
2.0,-2.0419551691976783,4.5681527658693994
2.0,-2.310217752440361,1.1671533846163322
1.0,3.320281012159585,2.0386640963424965
2.0,-1.2321642997397744,2.8782864850155234
1.0,0.24367359415091938,0.5647939898462051
2.0,-3.200519583133116,3.3656919232362164
2.0,-2.4141783762341396,2.466730302167612
2.0,-2.667525547755342,2.36108655333611
0.0,2.683850274365822,4.779091229396262
1.0,1.6881244313148076,0.37149431029640956
1.0,1.9107795550355862,-0.8775155160179675
2.0,-0.8125436439911541,4.314864380803082
2.0,-2.0971141402170037,4.445426760037016
1.0,5.199956136654765,0.0006958462594816028
1.0,3.0177296079214972,-1.3181747180596708
1.0,1.9811755596833966,0.36146015554279143
1.0,1.516747105706279,-1.1953616479268092
2.0,-1.323050461465596,3.026873373776713
0.0,1.51410441985447,6.339205214842183
2.0,-0.6826013476498394,4.032856438655552
2.0,-3.1141837566480604,2.379942902342568
1.0,1.6943268696616454,0.10493334716554648
2.0,-1.4011106498292478,1.72597360040806
0.0,2.390805563938076,4.087877524473569
2.0,0.7643071374466248,4.914530010658398
1.0,-0.5344147553206304,2.479924881646941
2.0,-2.5877216889196086,4.398855104269197
1.0,2.315883080598814,0.9915170772485195
1.0,1.8593615828330634,0.7939173206846802
2.0,-0.2424719928540966,2.053880543784152
1.0,2.9842602532154574,-0.031687102587054206
1.0,2.2430390297684366,0.6380508859830656
1.0,3.2073248108127914,0.3978647610139059
2.0,0.024271211993057262,4.73574101400473
1.0,2.0857302467206287,1.6301337771044322
0.0,-0.2453801717983426,4.210361620319369
0.0,-1.07125415020352,6.644717801726538
0.0,-0.4314780075904967,6.6361327502275405
1.0,1.0789523249194697,0.27169384797319407
0.0,0.18420249438559566,4.514770071403624
2.0,-1.870054995004113,4.7141754535581155
0.0,0.505403280766931,0.6484156616884782
1.0,2.6706712705441857,0.506081505347955
1.0,1.026024373776605,1.0602092557659135
0.0,-0.4387194382187303,5.865501013446103
0.0,1.2262000522387275,5.475754171228846
1.0,1.1083449051248977,0.8991618068841207
2.0,-2.846868982305074,2.432659597784323
1.0,1.936457547891985,-0.36312094396705064
1.0,1.1261134248487126,0.5743959257964485
1.0,0.800638052949519,-0.4041636114157974
2.0,-0.6885237320525991,3.5438325340215306
0.0,2.0999483308094464,3.6730186157260625
1.0,2.8682221246485717,0.9598481273168427
2.0,-1.4502285832416915,0.9890980702522532
0.0,-0.5483119196363853,5.467063377238003
0.0,0.057427445172791525,4.970731684347838
1.0,0.8898627236436092,2.6092438928823696
2.0,-0.1135086075751135,0.15168203528089785
2.0,-1.3539762310740273,3.1980319569279043
2.0,-2.8788113242683027,1.773316957006046
2.0,-2.09493712382488,2.67359745556495
1.0,2.01237624117507,1.3008825511323274
2.0,-1.1605191072069077,4.146880180660807
0.0,0.8158282069443681,5.597079894619905
2.0,-3.449113155711326,2.8723937879121593
0.0,0.15151123395849886,4.162817871746657
2.0,-1.142865694710628,5.412894259087167
2.0,-0.6222651929471446,1.8520564080305069
1.0,0.8500802667753418,-0.30016641394029997
2.0,-2.741852596514473,4.418566060385245
1.0,2.2362493690319907,0.5910987165126136
2.0,-3.3776497941815196,3.9524599295942435
1.0,0.19736233401402714,1.5360332267465664
0.0,1.5192569897140706,4.421262701943543
0.0,2.1072318216109673,3.982673631965973
2.0,-1.9284499403668518,1.8624137445594617
2.0,-3.4705254916691457,3.605034681979226
1.0,0.11203554195582699,0.2844151036418051
0.0,0.13036445553756115,5.119757140542513
1.0,2.3580652390943033,0.4287060646407206
0.0,1.8831584252199463,3.656828163344802
2.0,-3.694027528346011,2.8946949109676066
2.0,-0.22769727471262802,2.738374859332729
1.0,0.8548711026884315,2.906446508350789
0.0,0.41223061930544536,4.043709562757743
0.0,1.4639686709579425,4.071975285588582
2.0,-1.3604097116736902,1.3886990200518226
0.0,0.31109852666093396,3.7390221376626402
2.0,-1.5804232844925934,3.230041747259644
1.0,2.0152843820186943,-0.9393005369414542
1.0,2.98007518678889,0.7411359793979441
1.0,2.0814963512967237,0.9487105487736857
2.0,-1.399902440881771,1.8852705648015933
0.0,1.4173239537732178,4.532161196561118
0.0,0.21508356612933877,3.868497928263824
1.0,1.6946929787303713,0.47162918267148796
0.0,-1.7304069967361322,3.0767791150856656
1.0,1.2633362753100728,1.1532842608538016
2.0,-1.0757911023009292,1.8215688493605944
1.0,1.510371086414152,1.0008060280591984
2.0,-2.398543011845228,2.7109319453153744
0.0,3.323364848447328,4.7718993146739015
2.0,-2.1704281861260473,4.36968692795404
0.0,-0.6554667920580812,4.2541063535788295
1.0,3.9969326442331488,-0.09162728565546463
2.0,0.6336513017303678,1.483757733176952
0.0,1.5536082302130976,7.615013464274289
1.0,2.6963089264478035,1.2791257766237547
2.0,-2.124757955525237,2.4001850520075005
0.0,0.4317052292840938,4.787704775644286
0.0,0.5587158514414801,2.679720697671134
2.0,-1.821002119914132,1.9834716941439874
0.0,3.062917291491908,5.497060597026989
2.0,-2.4092588751614734,2.157095870153057
2.0,-3.562261533419757,3.7941024986886602
0.0,0.7092976662549907,3.2730834380791842
0.0,0.9584408345208518,5.289474451878164
2.0,-1.7472129293865704,3.308120718957601
2.0,-1.6257163893715278,2.342334643244555
2.0,-0.880779612796459,3.497892483469809
0.0,1.8061165798307188,5.137486299835597
2.0,-2.4209318733911322,4.132594873411525
2.0,-1.6642884679289462,3.219838559916991
2.0,0.06784888384196264,3.1793663258791254
2.0,-1.9990429586447012,2.92114330920194
0.0,0.6622955436934141,4.0850935869004585
2.0,-0.5694081773418108,1.8536267366873975
1.0,2.0674901438873663,3.5356192663425277
0.0,1.312179597398381,4.186006859876841
1.0,2.803411852742137,1.9664696776556105
0.0,0.5144143075289646,4.417009234628879
0.0,2.4943634842530145,4.557583742726644
2.0,-1.7530429117779873,1.5068802758072481
1.0,1.099137153865317,2.7553438215924233
1.0,4.29528729943083,1.8066256560116214
1.0,2.7202206154250015,0.09351258266518114
1.0,3.9755889039313885,0.6710619236765962
0.0,1.5208083737093159,2.1080988342429525
2.0,-1.3442916425159859,2.4689306770159556
2.0,-2.3561277890323478,0.2712758353093365
1.0,2.3984825538066197,2.0719444168731886
1.0,2.0778176715619874,0.1851307226035359
2.0,0.17693275341381742,1.7597543316558222
1.0,3.036840650138645,0.5629665298140492
1.0,2.036332460887684,0.3075875303217037
0.0,1.4279807159332503,2.9845063787473567
2.0,-0.62084439691484,1.2420399762453342
1.0,1.6633943482178286,0.8878118012144
2.0,-0.8061777711422141,2.901981939812291
0.0,1.7444279098636055,2.3634400742753887
0.0,0.6018987490470395,3.295438852873222
0.0,0.1693175412153538,3.8723235335997406
0.0,-1.1459760622659418,4.730365478740913
0.0,0.8436827924673816,2.310947553205274
0.0,3.3931422644486564,3.9356683962159846
2.0,-1.3750214513849754,3.869490746170036
1.0,2.780231609964099,-1.057836663360189
2.0,-0.8524882861248875,1.7083904973924453
1.0,3.119057368664417,0.571105552716087
0.0,0.7381914023624402,4.416818087820566
1.0,1.9314122196788288,-0.3640048184541407
2.0,-1.7509331197594373,1.5455125863229033
0.0,0.7128208445490392,3.0029433826420684
2.0,-1.6692079614820161,3.5039269698487114
1.0,2.1743133564706807,2.789222427091198
1.0,1.9582935859003887,0.05303281674940086
0.0,0.3633039134638475,2.8870287065014955
0.0,2.0124936686040726,3.338082838682947
1.0,1.0126324651937353,1.6853325609691
0.0,2.7696515319361374,1.819805297432151
0.0,0.01217848153788581,3.4763275941481493
1.0,3.1786224994061767,1.7117197785465013
1.0,3.726289660754005,2.142766460398698
0.0,-0.2892840782355215,5.288084732238008
0.0,0.9470787292677723,3.4181502364015635
2.0,-0.8670757724662365,2.918962173338451
2.0,-1.3429578502629966,3.7508367110985863
1.0,2.1106295921797,-0.2523857163339369
2.0,-0.16849785280910967,2.244705057575015
1.0,3.591041946186504,-0.1654961185112065
1.0,-0.10133001704186428,-0.06504014613903608
2.0,-1.7642489552291813,1.912550750070876
1.0,1.416874950139484,-0.24984644698080238
0.0,0.6549898342737352,2.9501737296843817
0.0,-0.37592089196159706,3.4269740240106
2.0,-0.9931663783332052,4.144753048263606
2.0,-0.3385166404347708,4.8696000505238315
1.0,-0.5594503028010132,0.1420831476097194
2.0,-0.4460353271148887,3.9875191889566555
1.0,0.12753989409307875,-0.7500005833123773
1.0,0.8374764321515487,0.17486543563850232
0.0,3.740970115767225,3.0317683401825333
1.0,2.2491386421186794,2.773749353972652
0.0,0.48870632201242004,3.2669333381255465
0.0,4.089579583868277,3.8189485748272656
0.0,-0.17086392204483736,3.888609196609126
2.0,-2.591189204762556,3.971846770612159
0.0,2.190480998139522,3.514246073734988
1.0,2.7850552345536475,2.2356184474748195
2.0,-1.1594599376574553,3.3543197325891585
1.0,-0.4827996967924908,2.5841021864072413
0.0,1.0560907454062964,4.666753604736128
0.0,0.3786311377157292,6.619225792028773
1.0,2.0779740460915117,0.7992226761633558
2.0,-0.9273276670875462,1.4554616653604866
0.0,0.7474858862488158,3.8299679106082496
2.0,-3.0216937726606217,1.5124538588121543
0.0,-0.49425254404970653,5.317022899130246
2.0,-1.739599952649184,2.462417316558091
2.0,-0.20269949314785474,2.2275750675657813
2.0,-0.22963688031741758,4.804678642375393
1.0,3.567950135483457,0.7771914558562976
2.0,0.5415315175788087,3.773501736986248
1.0,3.507087673125244,-0.7896620657312761
2.0,-0.20416493571627625,2.0813945745009033
0.0,1.6681790584844243,4.053828820754796
1.0,1.148712249794118,-0.5437781628829301
2.0,-1.2594170296727774,0.32905461313976936
2.0,0.3415080366166867,3.9787148982447142
1.0,1.078714141555311,-0.8412774729463794
1.0,1.150822162016157,1.0628914510219536
2.0,-1.0234750831105357,4.0272030876833345
2.0,-0.7109712058827587,0.3221650832577718
0.0,-0.4006923043468278,3.7784032737550692
0.0,0.895539347838917,2.7217122838747088
0.0,0.21325478449183788,5.11550728138419
0.0,0.17500573491521576,4.6961424419337385
1.0,2.5566282212801754,-0.5905959437513875
1.0,5.860437249381093,1.1250632249954329
2.0,-0.6847639666814705,3.0058247797422974
1.0,2.2408701218084763,2.147545726520235
1.0,2.4821117403016593,0.3249201354540616
1.0,-0.490144212450045,-1.308952264572261
2.0,-2.748839203902127,2.1323980993360223
1.0,2.322223318243206,0.7916130320989508
0.0,1.1962771176556166,6.3089189667950185
1.0,1.3201166347829552,-0.08973032921520119
0.0,-0.16071623534176038,4.597119474602349
2.0,-0.5552151362445685,4.213799721904166
2.0,-1.0635043607038623,3.0389227372418968
2.0,-3.4013212234170247,4.1252107418501796
0.0,0.81313043773251,5.668056962571624
2.0,-3.686629430981999,1.5922540846863915
0.0,1.3661136175019184,5.5003289043985015
2.0,-0.44591669617106966,1.1107886394474584
1.0,2.232188803414044,-0.2752941927571062
1.0,0.6884576896925196,-0.559617999613174
2.0,-3.094729840729026,1.7498311002650246
2.0,-3.0465152255774504,2.8440885441912593
0.0,0.41605542328318,2.6034999916968786
2.0,-0.8345824967580362,3.899906738325716
0.0,2.4461147555788867,4.381614655060681
1.0,2.5164556076863724,2.1093178857119943
1.0,4.078218284624042,-1.0799917877014789
0.0,0.9098470209196275,3.9870625091371648
1.0,0.684985818388262,-0.675500784591518
2.0,-1.0071615378831855,2.665655684777008
0.0,0.0002329675014516308,2.5440781340853733
2.0,-2.1565943591765695,1.255549160812485
2.0,-0.9314887184758488,3.610229333411507
0.0,2.0113852921406363,1.1170444158784707
0.0,0.9886892560260543,5.167827838658374
1.0,3.4332882182622297,-0.19535679322844612
1.0,2.412284746178813,0.9504903913483544
1.0,0.9802886089398855,1.5556574165355128
0.0,1.035664056526604,4.896391458985538
0.0,-0.3086330672661559,5.569129399765754
1.0,0.5521555116288952,0.19407962968457804
0.0,-0.028943571743039298,3.5943676029310745
1.0,4.225025694127648,1.4216298294930885
0.0,0.5521519800378563,2.364018301067151
0.0,-0.9459331802205493,3.2391701972343414
2.0,-2.3989584444012624,2.6572865224641227
0.0,0.4969312434310449,4.747854392865412
0.0,1.5383323596789569,6.3868421246712455
0.0,2.8002639114654224,6.3672944963478235
2.0,-1.4231609844127933,3.215129915493312
2.0,-2.1918615097232883,4.7172720494996385
1.0,4.168786874336714,1.8025784563254281
2.0,-1.543045776450773,3.8964486244211947
0.0,2.081300667083478,4.6862605109800155
2.0,1.988011476894728,3.185312249057307
0.0,2.792263777634341,4.96754580449749
2.0,-1.5798716758392728,4.860033450411493
1.0,1.0953711736640803,0.6335727241535101
1.0,0.6107852907931426,1.3981158634990611
1.0,1.5387132271699264,2.2769189199784856
1.0,3.1609575988055756,1.4506410325165335
1.0,1.9675239462950413,-0.659191927210151
2.0,0.5299577505029727,1.9963439512489447
2.0,-1.8901992335070092,4.105497591656191
2.0,-1.7679930530630175,3.0649198425170847
0.0,1.1891814492509984,3.821650203998476
0.0,0.45408581648053015,6.522903801623601
0.0,-0.9604073385230467,4.048498991191628
1.0,1.304599079301774,2.088227854160144
1.0,1.5379519164199693,1.584965300166596
1.0,0.8935689802353843,1.4701453707661751
2.0,-1.8351476500202057,3.2700479385129095
1.0,2.2135616283777724,-1.4790150493447909
0.0,2.330582955963977,4.898988463061144
1.0,2.3512462677358132,1.6272546712256135
1.0,1.3306600580774968,-0.4818012159706049
2.0,-1.3067896372208758,3.263380779991457
1.0,0.5998261419820483,1.2381871251979515
0.0,0.8039746644869104,3.84535678870793
1.0,3.280737213233474,1.7480979876704485
2.0,-0.48827378441639047,4.4467357068696245
1.0,1.4421561039541624,1.8273376428185313
0.0,0.5423509416085512,5.581289490801812
2.0,-3.484367422406145,2.556115483499091
2.0,-1.664858132754899,3.512903064091639
0.0,1.3056897078152225,3.2346892278537567
2.0,-1.7352338960851634,3.9957710082174613
2.0,-1.5870329637702567,3.4358428847065907
1.0,1.7298187135646814,-0.6829460866290162
0.0,1.4076753580317072,4.1303071471279065
2.0,-0.8659576762986277,3.63239004944959
0.0,0.8943801521569376,6.35979859342763
2.0,-2.1529398431592837,3.8510109989438113
1.0,2.0194401754692386,0.7558587186980267
0.0,2.143313025517539,6.8644292240938345
0.0,-0.1505078086668472,5.524212517144283
2.0,-2.2432045473617386,2.6503312417686673
2.0,-4.351272492850402,1.711708944185117
1.0,3.1126248379524366,2.137250693361872
1.0,2.1010091216481586,0.2029618920060875
1.0,2.0210328776315785,0.5079873418383849
1.0,1.4789686794389674,2.020992720069574
0.0,0.6546660334048386,5.266735002404064
2.0,-1.2782431411287614,3.6181661736242874
1.0,1.648848898898401,3.339378712763321
2.0,-3.2007122446234773,3.8725417234564112
0.0,0.43470643402346376,4.622612897407873
2.0,-2.17653551933937,3.0277085974677753
2.0,-0.2540460140113019,1.8857276097821691
0.0,1.5849568198780335,4.164311686983811
0.0,2.359067956286239,5.599329637892575
0.0,2.0944881274836593,4.711745308009904
2.0,-2.1930556278152453,2.71090348080477
0.0,2.6696765552140294,5.2467519196457975
2.0,-1.1275461523365597,4.134382918331036
2.0,-0.7142089135222611,2.879588970572154
2.0,-1.2092175039150566,0.9236642206712229
0.0,0.9909484589130759,6.186898864891475
0.0,0.5607707413697232,3.3502237421625916
2.0,-0.9247443086527386,2.8505628933240392
2.0,-1.1973273688869719,2.193537738110214
0.0,0.787069659149916,7.011855524206242
0.0,-0.26290164372406033,3.779689322498781
2.0,-1.9262145307121739,2.673072814361319
2.0,-3.219891989278309,3.115777536438761
1.0,2.6148155736931056,2.9554615903491883
2.0,-1.6107318111293265,3.2180189495928735
1.0,4.0131844344716034,1.3509746636147983
1.0,2.7715552989304224,-0.28708037221124605
1.0,1.6355289052990336,3.3258299996619054
2.0,-1.5449101176595432,2.781788304561842
0.0,2.0916762123219286,5.002456837125899
2.0,-3.3542257218269285,3.5862392060277872
2.0,0.8152092014994712,4.405810921125955
0.0,2.115575046857408,4.408848817110619
0.0,2.45261889541976,5.746643145989683
0.0,2.050582406014411,5.9537442071199775
1.0,2.3013714717111027,2.2915042242088774
2.0,-1.644697466669022,1.853945149265788
2.0,-1.9799603160930517,3.943453535788061
2.0,-0.2529838091795922,1.4960173278469993
0.0,0.9628953443362855,4.317586007292465
0.0,-0.18905540598688653,4.681567972867379
0.0,0.36468746044451084,3.778098165514966
2.0,0.08392041628763836,3.1553062328137065
2.0,0.7562378248218917,1.987085331805158
0.0,2.1129724398749925,4.117775215739389
0.0,0.8581270492359763,3.5076133838138612
0.0,0.9291306966735003,2.902075130158953
0.0,1.1622069893827947,4.757582350970998
1.0,2.1045661928055335,1.6098227634618238
1.0,2.1905530509157627,1.6863848883036696
1.0,4.634756963273622,0.7893710403390362
0.0,0.8385396888215373,4.674288817652326
0.0,0.18675876750234077,5.466446493724051
0.0,-1.3585736212502555,3.2084471344860397
1.0,3.5645605824281237,-1.6062983153667143
0.0,-2.0873177004543995,5.088129641976822
0.0,0.6454654370738266,3.452113768432124
1.0,0.08869875288626461,0.01768829083753809
0.0,1.4152886240467248,5.861177647816692
1.0,0.275807492344027,-0.6736309156592801
1.0,0.8065484453307039,0.518939911874907
0.0,0.5376087705632503,5.4294983765351645
1.0,2.0776203662265047,2.16285362982283
1.0,2.3780964092443737,1.5275650963129959
2.0,-3.170735415565436,3.8532348988439966
0.0,-2.214736607049594,5.031370756679647
0.0,2.401905829369257,4.684118461758209
1.0,4.660665460614677,1.6921528067375844
0.0,1.9035038830693531,2.3098693781109136
0.0,-0.25965226142427666,3.8838552899414642
1.0,1.1164271611503702,1.647806047658413
2.0,-1.8056568218458222,3.79259810219541
0.0,-0.622383906966907,1.9414376997051659
1.0,3.075904341661004,-0.10928536878119144
2.0,-0.9731413602925375,2.8621048740936543
2.0,-1.6596126165917542,2.398963887038989
1.0,3.6729104579425407,1.9869022175234152
1.0,1.3481927376206984,0.35950565249306576
1.0,1.6567447886142879,0.03194610525182995
2.0,-1.7522579195916737,3.5022070272610417
0.0,2.5680240493853272,3.1462596184008733
1.0,0.7238944570695038,0.24064193912261878
1.0,1.6191421852936163,1.8325251240975267
0.0,3.2838005103229566,6.080405077169699
2.0,0.5099117639948334,2.237958631767878
1.0,3.026283877656673,-0.5400477962913091
0.0,1.398406211364125,4.758869967691094
1.0,1.748118318375756,0.48000800436679353
1.0,2.8269329758400294,1.6035335748794608
2.0,-1.224179076487355,5.660603679166803
2.0,-0.9930798873980952,2.913366880759094
2.0,-3.8590522347660925,3.5278412840458904
1.0,1.9829224810659352,1.2313609174994695
1.0,0.6212833551104857,0.2971720591728201
2.0,-2.4382986017367823,2.6169742492209433
0.0,-1.860738502022921,4.328188345494682
2.0,-3.7558839391353507,3.377000025401278
0.0,0.6445506645274904,3.9922949492475426
1.0,1.6270216878021597,1.55245244810197
1.0,1.0848064830574375,-0.42728512302117716
1.0,2.960057281807053,2.176042250455531
0.0,2.0044668128297243,3.522556615488214
0.0,-0.4008630552652672,3.8740504368725617
0.0,-0.7576581603415509,2.8511357345003683
1.0,2.802290489798875,0.14023332984170833
1.0,2.2865423172325503,1.733390068007664
0.0,-0.0982897948859156,4.768070324879504
1.0,2.9576034266455125,1.57325132224129
0.0,1.3519513205275766,3.27887244028632
1.0,2.7041958237933463,-1.2840294965223467
1.0,2.653739871407196,0.012145523648460999
2.0,-2.6550919234687935,2.4420537745135413
2.0,-0.6762725227813371,3.4252645509451165
1.0,3.9570521542516994,1.6752250091498029
0.0,1.780954618919587,3.454780490435698
2.0,-0.7721045082737195,3.2947228737096976
1.0,2.2254354884170233,3.097786094116751
2.0,-3.1946412358973535,0.5734679861898351
1.0,2.4621386285637943,0.19010520959670107
1.0,2.631776916774222,-0.2641596167505891
1.0,3.3960076802587063,-0.9790219018697826
1.0,2.7064004616314334,1.7567903320623268
1.0,2.1364285975131816,0.3420375550070758
2.0,-3.360062351036434,4.032372571101453
2.0,-1.3358738932193315,1.7321662357707894
2.0,-2.769630890883299,3.087882859178959
1.0,4.05836848908524,1.2600507123670004
1.0,2.246368083481321,-1.4525950862259096
0.0,0.5593292955482192,3.6062651552159997
2.0,-0.7839181072953187,0.6687060652438412
2.0,-0.6465901713466619,5.332119377084997
1.0,1.6452538043178213,0.9268127569032734
0.0,-0.7326030122325429,3.711803467413757
1.0,0.8480232919284081,-0.08819613078582222
1.0,3.244358529854692,0.6736127257662018
1.0,2.071765706235518,-1.3159777364157184
2.0,-3.1227742468227806,2.4912885318029803
0.0,0.4492426523839176,4.521393442509775
2.0,-1.9213772445058348,3.714640351964589
0.0,-0.9826378839350847,4.223226341910964
1.0,1.9813018588262203,-0.8216189279829929
1.0,2.523705453643225,2.8039004892549757
1.0,0.8829930573504878,0.19016775288367815
1.0,2.0919234186816182,0.8534034229238565
0.0,0.8510578887528639,3.1181849964559087
0.0,0.22256500697660042,3.726554785295445
1.0,3.303371015497322,1.095236231369614
0.0,1.2637693903741647,3.860025927883826
0.0,1.3232146848810697,4.7992323119838
1.0,4.2415656388653655,0.8068830952318293
0.0,1.9019572169587096,5.539113921987711
0.0,1.0657737663987592,3.011268444163596
1.0,1.271325879119411,0.9918804901469483
1.0,1.286396652404639,-0.463510252528736
2.0,-0.2397407565112577,1.5516008169545508
2.0,-1.041726801227116,3.5230945515287164
2.0,-0.3961268432895453,0.5117317493505449
0.0,0.9256643369978004,3.959522696580501
2.0,-0.5864106208122322,5.199490323550858
2.0,-1.6752835642923423,3.523846239088531
0.0,2.5696093136960747,4.182249543987511
0.0,-0.7778091473671946,3.4836596073019717
1.0,2.4137239134232886,1.9904384666139012
2.0,-2.0419726927085433,0.20318989904055584
1.0,0.9796238543702618,-1.4576147510309654
2.0,-2.6067677853140863,3.496378991739764
0.0,0.3372821754956138,5.077853655600242
0.0,-1.4287887800522028,4.756039152469461
2.0,-1.3714385885664426,1.2307217639619688
0.0,-0.9232559982556032,5.036242582377036
1.0,0.03384681492301844,1.8655401814134485
1.0,0.49485132277087107,-0.06695682489988708
2.0,-0.7234292046110063,4.123185292047072
2.0,0.06394553796734037,2.50750352811226
1.0,0.18566928761280233,0.28922193621953196
0.0,1.843990671031853,4.333321877745884
2.0,-1.5708207647214016,2.81681430550025
2.0,-1.9979847227800884,1.6072207317243747
0.0,1.5055095672742766,4.518338766328206
1.0,1.9292918802101338,2.538561638890127
0.0,-1.460551282791298,6.781178761079573
1.0,-1.2775634530800422,2.2797444296748957
1.0,0.1538992456517554,1.9110088278634403
0.0,0.9333483923142297,7.16068174891209
2.0,-0.9668032327197832,3.1112098480231367
2.0,-2.742111761744215,1.685126008842568
0.0,1.17627827299353,5.065825051718917
2.0,-1.8485157532996397,2.3219524096577024
0.0,1.525168806011684,3.146252910967916
1.0,3.877778725789174,-0.5077288938021596
1.0,0.7600557222028836,0.7605929981977206
0.0,1.4355489945612168,4.262696590810045
1.0,2.7785167091480734,0.18408393627345043
2.0,-1.7040689106397104,4.276056609527266
2.0,-1.7394688732002936,1.8490072416593277
0.0,3.9729105484509035,1.6094013494027077
2.0,-0.747108451605931,3.4396288278863705
2.0,-2.7278166015204057,1.002949127603546
2.0,-1.864794530182028,2.2106182189588397
1.0,1.14747528677598,1.2594805288140563
2.0,-3.082536479152421,2.806253288000055
2.0,-2.463239855289982,4.662725159940123
2.0,-1.4200125702260293,2.7628980823809863
0.0,1.399650006339749,4.1204580191939
1.0,2.5919220263786755,0.15831831194976176
0.0,0.7091432614085105,3.2080922657982347
1.0,2.6040390974978513,2.0524737537151507
1.0,2.699183346113066,1.3832982066750972
0.0,3.792246515178369,2.76879399901448
2.0,-0.5742475784518493,2.0788239264287536
0.0,1.6049393071475417,4.409893831901984
0.0,-1.1145573588245816,2.7398960225136113
1.0,3.379700270387458,1.3783004814563842
2.0,-1.6364244368933165,2.4359974507176236
2.0,0.4568757858564796,2.078700732166614
1.0,2.6026511644253443,0.46856882157561935
1.0,2.89423090589531,0.5391521392540137
0.0,2.393924400092438,3.5455028178421895
2.0,-1.6618365204450511,3.9953192691768686
0.0,2.559234330108386,3.2448847451884877
2.0,-1.0383476159220075,2.163613165039615
0.0,1.6282443482115188,4.830638876654841
2.0,-4.925318257112689,1.6177702690159872
1.0,2.4385857214307145,0.732328602795012
1.0,1.3543552652789748,1.2997904041731354
0.0,-1.5372536069008786,4.4522536245285975
0.0,0.18600651838049054,3.686706568320403
0.0,0.009518269499253718,2.9618130182624314
2.0,-1.8882177570500018,3.5622677586807567
2.0,0.3850243259181265,3.600349140277689
1.0,2.294054914719103,3.284141962252406
1.0,-0.1407667390804943,0.06266151671848008
2.0,0.27035401956157057,3.596202904376864
2.0,-0.4633521796761437,2.85157146645754
2.0,-1.579757890073035,5.269356667580045
2.0,-1.1352539055495166,4.6976366149016995
1.0,1.869224551690887,0.9769359740817279
0.0,-0.9952882736902358,3.8165011719365918
2.0,-0.9309657750412835,4.132442089119895
0.0,-0.5821539880492133,5.835077742655815
0.0,-0.3489899287676457,4.366385422561559
2.0,-1.7982509769386528,5.2288491462845545
1.0,2.136287750042068,1.8307886254214312
2.0,0.2129130172115572,1.8601457815709663
1.0,1.853410454112389,1.351155782024107
2.0,-2.081176591647047,2.1660939935542176
1.0,1.0229525790838554,1.2916252139388433
2.0,-1.4396905342973576,2.6708814310706375
0.0,0.5382038186909859,2.1541942697989698
2.0,-0.7666633302694249,2.1873041204325654
1.0,2.556691965293669,0.8496411895159773
2.0,-1.8539433114072168,3.8029080774297808
0.0,-0.41255623248252915,3.929036626097558
2.0,-1.4741093994891188,2.5369276007410364
2.0,-1.3600270328562862,1.8886780158426433
0.0,0.33702672817102963,5.6126870087697895
0.0,4.211738941622791,4.215077727911892
2.0,-0.6490421149873207,3.3014620010940106
2.0,-1.2163469324131748,4.166169018432593
0.0,-0.08907281860964011,1.9268315655796777
2.0,-0.9894604162884023,2.010981348804802
1.0,2.4382096015364167,1.266381396544646
2.0,-2.8395780813031912,3.1648384258140188
0.0,0.44716291979538547,3.967360733226979
2.0,-0.3481116326615479,4.162816017410215
1.0,2.918869326077676,0.599560491891891
0.0,1.3323498855394311,5.299770718345714
0.0,0.489140005920315,5.173029533292347
2.0,-2.156831320718704,3.247182655671533
2.0,-1.6812090736015382,3.464386250457294
1.0,1.9013771525996355,0.5715377801491008
0.0,2.9540319971955666,4.500860634033191
0.0,3.055535502849455,5.125188655679419
0.0,0.9574515446234293,4.4969011294062575
0.0,0.41363305298634034,1.6620577848477205
1.0,1.5894824904541784,0.8257500567326281
0.0,0.14067809391319563,3.95531080648375
0.0,1.1640779241049457,4.582404570888721
2.0,-0.2139036234891729,1.604793117691013
2.0,-1.2834467598907595,4.413916430406445
2.0,-0.5521037060117081,3.573408501665641
2.0,-1.595278879195193,2.4424597276333424
2.0,-0.2086060353445296,2.7654016659269023
1.0,3.163823393809614,0.7385820423534752
0.0,1.1466138745314307,3.9205932268742756
0.0,0.012500413736541094,3.7465820977258
0.0,0.7071593574445267,3.941087650902306
2.0,-0.45565422977346515,2.349557392976733
0.0,1.9621729330062498,4.310138503007623
1.0,3.110535451728922,1.6601730918027315
2.0,-2.6037954175795095,4.521364370308268
0.0,0.025526084379121183,3.665860237834644
2.0,-2.467969672263166,3.795434606341565
0.0,2.762172711101215,6.5788543386850895
0.0,2.0927602738798345,4.093407644655966
2.0,-1.0354418793366758,1.9583700617285347
2.0,-0.2627763148653677,2.2417930655913194
1.0,0.1562741478547678,3.5899859334371054
2.0,0.6293982138680083,2.672675537049466
2.0,-1.6548872216141755,2.3260249968005255
1.0,2.190336558520623,0.11100962455670715
0.0,-0.05449678758671572,3.225056739689747
2.0,-3.003559267996369,2.309594323528926
2.0,-1.1159911916777123,2.6497709266994875
2.0,-2.4547350254900318,1.129962651467332
1.0,3.1353326127497647,3.0603543356865934
2.0,-2.577089711918605,2.2056578805160916
1.0,3.9499057547326637,-0.05693700012601233
1.0,1.876748138752463,1.0128687059016608
2.0,-3.52823988468299,3.6235275598208982
0.0,-0.1570654285554054,3.811727695605332
1.0,2.0431997551900607,2.383271983088065
1.0,0.27777236679611983,-0.6294061021008435
2.0,-3.823464858825883,0.17528292278554858
0.0,1.8402505547182937,2.9802998719019467
1.0,1.3374869784130952,-0.9263834822925394
1.0,3.235630956379893,0.7949257148613403
2.0,0.5260998858340811,4.615180312607951
1.0,3.0528887910146,1.4832308791335422
2.0,-2.609390378917607,3.303081620754993
2.0,-4.243296374464876,3.3679061651173066
2.0,-0.7324975734796227,2.5088329686497577
1.0,2.158679732289022,3.526741275825745
1.0,1.953128798409591,0.22050241997534437
2.0,-0.1534397708804358,2.8953617946852512
2.0,1.0994384013654988,2.654154678477088
2.0,-3.0406941093706434,3.5346872771123987
0.0,2.1163761795772023,4.122158677491153
2.0,-2.3185575098735094,3.4866917020655586
2.0,-2.981922906608596,2.821164041952972
0.0,1.4039097551557773,5.151675129278727
0.0,1.0304308970649074,7.111337094672459
1.0,1.573785869539459,-0.0624353113635846
1.0,1.0483122380222216,2.0858093205929693
1.0,2.586682857928965,1.1597401476938614
1.0,3.1174925708835906,2.6661814381040223
1.0,3.576161507215266,1.4970615401003282
1.0,2.1362582301218462,0.9172693608734078
2.0,0.398287570076864,3.1675656968890795
1.0,1.4281242217547043,2.149236773513588
2.0,-3.7458608859524465,4.609824827408498
1.0,2.6067694072337453,1.233733091983153
1.0,2.3070868949405443,-0.5910858595295361
0.0,2.5194508870428467,2.4953892495912635
0.0,1.372312215958869,6.9749205255343005
2.0,0.0767594055654468,2.773832914817793
2.0,-1.4062269695053098,1.7719509521924361
2.0,-0.8043078257306289,3.9658099192939673
1.0,0.8035121237904512,-0.1308301664674607
2.0,-1.834383250816432,3.9470765534800654
0.0,-0.14301901440675824,2.7881053085256595
0.0,0.5146955707754738,3.7711840156621528
1.0,3.4295821290559476,1.3134569903460496
0.0,-0.710885420974984,3.5957181524049426
2.0,-0.9138542269510044,4.494867581909862
2.0,-2.4115262167070024,2.1038864558843593
1.0,0.31298088611478114,1.3563070052802892
1.0,2.3103719771579216,2.75410145632695
2.0,-1.6397789536570297,3.394960520074082
1.0,0.6949561306667273,2.0937752313217155
0.0,2.0135935171779016,3.4131893029606597
0.0,-0.27803396082985055,5.757161675067631
2.0,-2.754330062186962,1.5370518562251465
2.0,-1.3579312309680223,3.4860681753328775
2.0,-0.4358778188247461,3.014746129853763
1.0,1.2788032897735668,1.1031559141205918
2.0,-0.10716054442385703,3.7805588599670727
0.0,0.7327938696264946,4.1719279922772134
1.0,1.1189022336310308,1.2229990156739947
1.0,0.4175576453339591,0.871419769391041
1.0,1.4206236971655395,1.1061178835223648
0.0,0.41995490897118204,4.881565095976544
0.0,1.882744913342501,5.344676221074291
1.0,2.0885820793834795,0.38701300461219923
0.0,1.7880229573804427,3.8453765807550058
2.0,-2.1493184379682164,2.5778049319856198
1.0,1.5777730031238684,1.8367583169483097
1.0,2.31322623018419,1.0143267383414385
2.0,-0.03734494884271622,2.7308046784142785
1.0,1.0769367280691278,3.0591204489081787
1.0,1.6219317597450387,1.628418469923366
2.0,-0.03591131783973989,1.4608215237019158
1.0,2.3586317279358635,0.4080460090900606
2.0,-2.218394192694189,3.60741296208421
2.0,-1.9387860785680293,3.0028111524139045
2.0,0.3392328252489758,3.653873732927564
0.0,1.960656235260201,5.935725577463771
0.0,-1.0614569047722102,4.768523897922466
1.0,3.8923863426674674,1.008600942501707
1.0,1.8347606451328873,1.887205523504098
0.0,-0.884245135553682,4.804569912686593
0.0,2.736164537235508,5.326849654801868
1.0,1.6281257297767104,3.9459416048489424
1.0,1.028978972731841,2.40632724093273
0.0,1.3205554641505106,1.5190741964995
2.0,-1.6836484884160487,4.598709102664724
1.0,1.868038852236133,2.156575485441949
0.0,1.8144186574752983,4.308312394351913
0.0,1.3829550288056285,6.729039601230147
1.0,3.737095620639172,1.087784276080575
1.0,2.07628625736674,1.2860145774688791
0.0,3.6874408193755177,4.2530787454556185
2.0,-2.013470961790711,3.4386090232094695
2.0,-3.3784097498070533,2.4357657707813223
2.0,-0.7197399509401928,3.2296812553372938
0.0,2.8875949838474755,3.9935001694362646
2.0,-2.1114137312760937,3.996643134838795
2.0,-1.1388761754455952,1.2746129124765342
1.0,3.9288030401798464,-0.2306606232107089
2.0,-2.6316556608421484,4.024204026402616
0.0,1.4590800479595538,3.482015218320014
0.0,0.32483630732643376,4.8030473829621005
2.0,-0.3556589827791945,1.0495615423220102
1.0,2.6476404264627145,1.4820820511143922
1.0,4.341343890104898,0.8799309963461232
0.0,-0.004721638592976696,2.6221705758012175
0.0,0.4694922895961702,4.429444162768331
0.0,0.18851366858065732,0.9023219211187472
1.0,2.451906813314777,0.7233343112922138
0.0,0.7159305946225163,4.838259228522147
0.0,0.8678116698141589,5.944904015216446
0.0,0.2665868771767621,5.6530903488608315
2.0,-0.3123020590121599,4.578906330830107
1.0,0.9478795434366845,-0.8439425378912933
2.0,-1.7156703591585842,3.2493700837570914
0.0,0.35524722753401117,3.1291914962178664
0.0,0.5120250623257192,3.691436039888036
2.0,-0.5218465162463137,5.2709392363498155
1.0,2.154400760020319,-0.08817776048549608
1.0,2.6149230106912524,0.7843926522445149
0.0,0.3809472777674202,4.214021348231981
0.0,2.2701068430035805,1.2327657278354742
2.0,-0.9189011819878392,2.171211695227056
0.0,3.5721532176833226,5.90762086677206
2.0,-1.0814969500430585,1.7300952018765798
0.0,0.6032066725083289,4.42066752697093
1.0,5.271952530355678,0.6566934431431382
0.0,1.6015479302898052,3.612841763672711
1.0,2.6082207146743848,0.41648027046225566
0.0,0.5260935385529544,2.832351897308767
0.0,0.9073066563880214,3.8343268648395705
0.0,-1.711254791847589,4.785586193556735
0.0,-1.212837908578901,4.6681120128027915
1.0,0.4798479119731278,2.5955126230448435
0.0,1.3174056835151526,6.394989864235147
0.0,3.8360438083832253,5.437162711836887
1.0,2.8544280967163234,-2.143801694563139
2.0,-3.73271610082592,3.7015270014208372
1.0,2.175964971907634,1.5446571888749727
2.0,-3.026110231055756,2.0661401411897238
1.0,2.5221802840717427,2.302912937482523
2.0,-3.265064249119491,1.030526518275315
0.0,1.172984365489599,4.419372954553826
2.0,-2.5932783529318693,2.754910450160699
0.0,0.03711509155346493,4.171320168616124
0.0,2.1003610347888033,5.998580574693322
1.0,0.8566489661184362,0.009499511050520604
0.0,-0.045804958157812825,6.491055647601941
0.0,3.5164193043269054,2.37073324330847
0.0,0.9866235572475867,4.936192377593981
1.0,0.729727604401113,0.8605401512091861
1.0,0.3479136310812667,3.204453366471215
1.0,1.3958692658680296,-0.42062121312845857
1.0,1.665345571448279,0.044096028246590646
0.0,3.2173408310583786,5.391040917378852
1.0,1.1782192182912148,-1.072380214633804
1.0,2.987999877954424,0.548413904010306
2.0,-1.4042900208891405,3.523875927469136
2.0,-2.1146978758386257,3.7084448313629386
2.0,-0.7236330475508557,3.8042106961245077
1.0,1.6422317736720204,0.5944108534880088
0.0,-0.6248400871368089,2.6877263204913238
1.0,5.086909409860076,3.021569325774017
0.0,1.372962186075744,5.442883095718273
2.0,-1.7752733831303023,2.2419110302164253
2.0,-1.0372144340065028,0.9618790801046724
2.0,-0.11160003577873057,3.921845445922422
1.0,2.8683359617381385,2.466284274035446
1.0,3.0692622450338822,0.08695106678186126
1.0,1.166227476387991,0.16771427984014287
2.0,-2.969874383067225,3.417201822632111
0.0,1.7105827098238844,2.693991256748739
1.0,4.144022856507275,0.5454815940706839
2.0,-1.8634413509828502,1.5015395337116941
0.0,0.8436212898675279,5.5279945815073495
1.0,1.4903765236136053,1.2250193273742538
2.0,-2.419310622862953,2.7270675594678915
2.0,-3.5493625390673778,3.2814955218805117
1.0,1.1865530765625554,-0.4458902204786084
1.0,2.783801527732133,-0.36014082825263083
2.0,-2.446497131978205,4.455695869770082
2.0,-0.8268624050363469,4.029807983303449
0.0,1.7759297769847922,3.750923582582126
1.0,1.000274766830788,0.620341730826341
0.0,1.249141408691849,3.0837009491166674
1.0,4.047996593306294,-0.8022605189728318
0.0,-0.5270843535134164,5.236775754446682
0.0,0.9558455819127664,4.758769410114488
0.0,-0.15697211044265758,4.589511104847165
1.0,2.3032961354824817,1.5349146683116084
2.0,-1.3926571369463474,2.1070384892871417
2.0,0.8343716053497494,3.4551021202243106
2.0,-2.0022518505236446,5.623022699899078
2.0,-1.9241167373040005,3.458228858109936
2.0,-2.065748582958264,3.5070475275514985
0.0,0.8190052646968002,5.663483182920056
1.0,2.2829106559288728,2.9407478426280864
0.0,-1.3472656884693133,4.530321643600984
0.0,2.3282331850743034,3.0078695174122823
1.0,5.0413974586302315,2.93282709955494
2.0,-1.240486128103703,2.7784153338878204
1.0,1.5082771040736354,2.6090541623610566
0.0,3.699975627331624,2.5585485179298724
2.0,0.7016187104851261,3.4154913812641876
2.0,-0.3410153247306691,2.301198720997224
0.0,0.7542056733352852,3.3346091423087634
0.0,0.8168133854421483,3.946438272166316
0.0,-1.770073969470939,4.605568625474234
1.0,0.7862991440710418,0.2304816216831761
2.0,-2.8560802943031414,3.1998548927999853
2.0,-4.6217649074492755,1.7928709980026478
0.0,0.4666741156270562,3.307829810402836
1.0,2.2131562829225606,-0.7890083969323309
0.0,0.37745011295347564,4.329408796060648
2.0,-1.1359444768531548,3.0676056865849777
0.0,1.6841258634279184,3.867156755483442
0.0,0.0668250460362958,4.2436864143066035
0.0,0.052370789212115465,4.950886356998571
1.0,1.768111612062065,0.6015113905914347
1.0,3.302183249886949,1.4725779288558112
1.0,3.9605813499273186,0.1257545377914503
0.0,-0.8726863387870547,4.3797017204887885
2.0,-2.078455743945232,2.9221821084786233
0.0,0.3339458811070817,4.334273577510409
0.0,1.5407898523622734,4.6775238133133765
0.0,-0.11911659198649516,5.644206873163413
2.0,-0.765640005395044,4.873013185283757
1.0,-0.012606379426709502,3.0547109244890223
0.0,1.196980671754867,3.84119961499766
0.0,3.0822534630369653,4.144201220676879
2.0,-2.649056664546958,3.376071072876383
2.0,-0.6813327483220363,3.1045911432957998
1.0,3.625670024255493,0.8667053900325523
2.0,-0.9268839781931423,1.1997249276550779
2.0,-2.272203250463558,4.999368871241574
2.0,-2.958813413390752,3.338201364807559
0.0,0.9424514045401092,4.817785572084891
1.0,2.9002007480027765,-0.8971517595704825
1.0,3.256864742248953,1.6143186652220467
0.0,1.0374152109600425,2.150712201660725
0.0,-0.5593569292985923,3.601269882315063
0.0,-0.6686419005051776,5.342570834827414
0.0,-0.20634280667448568,2.537585318492086
0.0,0.8524074563942257,4.796505529774437
2.0,-1.2876275258553225,5.252795930900715
2.0,-1.5340169002217836,4.55715434341712
1.0,2.9341763331387294,0.44739677902512964
0.0,1.3462675736977094,2.650087166971497
0.0,-0.8132390327002315,4.831057368965834
1.0,0.8488932746142475,1.01935223593979
2.0,-0.23025106079132085,0.9886703664813103
1.0,1.980803770474877,2.408664215470913
1.0,3.7239082819216036,-1.071954670649698
0.0,1.889515348722887,4.449797347239784
0.0,0.8731531581805598,4.536938853103316
0.0,1.0206769448386745,5.225270216727634
0.0,0.2578853542389118,2.9647109442959168
0.0,1.3568628300977217,4.927836064933431
1.0,2.931689669885301,2.2231578282237088
1.0,2.972664465073118,0.5756163776866794
2.0,-0.9795076795957454,1.7840380244675098
1.0,1.1404336773597468,-0.8386647417690334
1.0,1.1913388828626044,-0.17462562283909255
0.0,0.8542333490806492,4.3269225888640825
0.0,1.3069908873273626,6.025846591595375
2.0,-2.3088914640912424,3.5236608089417247
1.0,3.773148830372027,2.6523206648744404
1.0,2.109466548559475,3.1288792605598905
2.0,-0.606515472550444,1.6866735593821847
2.0,-2.8448513308116015,3.605018284982071
1.0,1.5060988082854467,1.343836957734929
0.0,-0.6412404286084494,3.3898992615405192
1.0,0.31956224465288363,0.3548433292550268
0.0,0.2594907957880598,4.018281251765181
0.0,-1.0496059547792234,4.168828148376926
1.0,2.3139311859792997,1.579272491009641
2.0,-2.1313553380637895,2.2134627151269446
2.0,-2.23581259671386,4.084246613971813
1.0,0.6800670096239461,0.9541429735281293
0.0,0.6866647288027696,3.2499589160763023
0.0,1.574698408438288,5.561353914610053
1.0,1.47897707134701,0.2697625278760628
0.0,-0.14918619883524697,4.8235168712300025
2.0,-0.367780671070264,4.625007960095965
1.0,2.101957968460336,1.6495407608323696
1.0,2.5779229125876624,0.17859452698627354
1.0,2.703415153113471,3.646224144574583
0.0,0.16263914066915464,5.861202276229708
0.0,1.1144475263146056,3.8488102519924827
2.0,-1.3989212598182668,4.7406861972564975
2.0,-2.7347748909749905,0.3459125830466969
0.0,1.4212600800838175,4.4742614936730725
0.0,1.653080320635066,2.7623245698573573
1.0,2.73741822414201,0.49828954211528537
0.0,1.9024187400028958,5.291992312204868
0.0,0.36724895655766665,3.0415312043863816
0.0,0.5332518730155628,4.016532314357279
0.0,2.0684847682576053,4.684449185677952
1.0,1.2837244574094093,1.0778019323452919
2.0,-3.914027372615446,1.0692126950882905
2.0,-0.5470621574933809,2.920744498831405
0.0,2.0272693924512923,4.165658365263718
0.0,2.005778787697299,5.6731095674374785
1.0,2.543256026393135,2.3397010867389447
0.0,1.0226267407547207,2.3157292046620457
1.0,0.2669490559441201,2.6930312242798955
1.0,3.2376485321607182,1.8179672635313755
2.0,-4.303431749028546,1.9067962192775132
0.0,0.2554810093571489,6.166479143506663
0.0,-1.130798621578768,4.844908681615488
0.0,1.8511787531595392,4.458566820357283
1.0,2.1010203823467997,1.5129246881048153
2.0,-2.9638172479881852,4.701561365492784
2.0,-2.7308229215065722,3.1274377547094065
2.0,-1.6268500880618615,4.841318616585686
1.0,2.985295437301882,1.4170688057379297
2.0,-0.8168316430400235,2.3464129377555194
1.0,1.8357815444045367,1.973161770365328
2.0,-1.7526116988814857,1.6749849898988673
2.0,-1.9124147376915168,2.331602796427572
0.0,1.7131653229617914,5.410435333328222
2.0,-2.3804469199544314,4.271430211253179
2.0,-2.686048643832149,2.0487086782557755
0.0,1.2470004639118195,4.843441847726781
0.0,0.15086494531207628,2.8468944437354455
2.0,-0.7468025959751281,5.103009390240733
0.0,0.19351775862447218,3.678360152687057
1.0,1.3052346526112726,0.4291924271553272
1.0,2.121473147169156,1.256436607280758
1.0,0.06885467546126467,1.0820370129167365
1.0,0.9066778035023857,2.1144302448725307
2.0,-0.4006018497221835,1.6947808819269674
1.0,4.6390112725175765,1.459629549165447
1.0,2.0644085194146675,1.96190128383725
0.0,0.17501481386182427,6.3220934155361554
0.0,1.0381600098703618,5.344519282018503
2.0,-1.2399995167735862,2.188417325794778
0.0,1.213830826480456,5.602109589621108
2.0,-2.7806835964777337,3.8657681914757145
1.0,-0.021063752427224802,1.6041545481069446
2.0,-4.638970290911958,3.034583313706466
2.0,-0.0549072446769292,3.7175077120333495
2.0,-2.771339225840336,1.5823951874871833
2.0,-1.0601014444377304,2.510537075575388
0.0,2.2918862933454536,4.022728365834946
2.0,-0.5404123850653402,2.6620239770869376
0.0,1.4514781337404694,2.9921135169717834
1.0,2.088279163868681,3.57608332736815
1.0,2.386067380641807,0.04760159713220835
2.0,-5.267131923140856,3.6912247014263735
0.0,0.727985667149729,5.360002021945329
0.0,1.0129922677527163,4.220217433312067
1.0,1.611070524016435,-0.25344281123076895
2.0,-2.135347971772438,0.5049435390300694
1.0,1.4208627307102917,0.7680590558007874
0.0,1.1491223639395487,6.04891553580396
0.0,0.9214253257542132,4.568396514356998
0.0,0.6858462827022317,6.125700731875236
2.0,-1.423892286810963,2.325170212830018
2.0,-2.0191664445582997,4.576500527404889
2.0,-1.9355760551473402,1.3540181621190253
2.0,-0.6346397946119011,3.170313501288898
1.0,1.860605384340849,1.8209798737507015
2.0,0.03691314075621355,3.0721258415603807
2.0,-2.554467405616207,4.429732659153541
0.0,1.72654781977912,2.381318140720293
1.0,2.160305286538883,2.024159910756709
0.0,0.9023183960317182,4.17502099589898
2.0,-0.6256736481941811,1.8389467352212763
2.0,-3.5820592004408516,3.6534251031527236
1.0,1.0566442804528036,1.1044706270129634
1.0,-0.8698097096063493,2.235573131326273
2.0,-3.280990023881973,1.059326896929924
2.0,-0.6860878823094746,3.7538630465366403
0.0,0.6053327448204445,4.023627333595959
0.0,0.11274481228434363,3.3281957411834973
2.0,-2.7971902903483468,2.307075255023539
2.0,-3.5102683839253177,4.19699444379339
1.0,0.9066905536516578,-0.7204455230081042
2.0,-2.4841473251504063,3.481128931739623
2.0,-0.7209641267788137,1.7488813392815348
1.0,1.5605414159074265,0.41351263983297537
0.0,3.1957795745620587,4.046787340008289
2.0,-4.790519250409043,1.6019601648218598
1.0,2.1033532692902086,0.5043577591822368
1.0,-1.3073758366371777,-0.5284456459616862
1.0,4.99674318432297,0.6442164795801129
0.0,1.7830237869614176,4.792741530937723
0.0,1.5320264737288234,4.638702244719334
1.0,3.0447361849099615,1.5350776997807711
0.0,-0.6028188140673303,3.7498858016707395
0.0,2.296611284410943,5.861413694239856
1.0,0.14553007088324033,0.9015303196697236
2.0,-0.7468536455609818,2.4808784906342156
1.0,0.7325912923443691,0.868204351567082
1.0,1.5748489434167698,-0.8691238542218507
1.0,2.5399427464360467,3.221718614820999
2.0,-1.5990694758263277,1.8784797025241562
1.0,1.554294701570837,-0.4193323257863568
1.0,2.2543037486171227,2.4926331992326007
1.0,0.2157622573167246,-1.1567005369751286
0.0,1.951478929077346,5.008498582728182
1.0,2.0873535806424424,1.1178039642358284
1.0,3.2655842656650025,1.530780519267116
1.0,2.4730706037230483,1.6935733675529456
1.0,2.173668466011833,1.1342809261747777
1.0,3.2740658592833993,1.7389132693360532
2.0,-2.321533745458482,1.024753779085906
0.0,0.10555322439019388,2.6437505809743236
0.0,0.29309561438227294,4.6276725533773035
1.0,1.8053253977188823,2.7869091449086225
0.0,1.8155266588518755,3.030320582513299
2.0,-1.1517432576051223,2.6857256019847053
2.0,-0.6542941691973817,2.8711958933365547
0.0,-0.17633517941328258,3.352046492199184
0.0,3.236050915014,2.6864764540774546
0.0,1.2580559096849733,6.862371420132922
2.0,-0.49128342944059566,2.210244906493933
1.0,1.8069338687641288,0.08394910699444058
0.0,0.5514773850423142,2.6538457753467677
2.0,-2.3537621285234707,2.26017763636608
1.0,1.7052971378106645,-1.191563710092745
0.0,0.2606932324058854,4.240706571924934
0.0,1.9369478426636912,4.397699537642383
2.0,-2.0644018193205538,2.6794241873281646
0.0,2.815605135776644,6.067017851328732
0.0,0.35037446495444735,2.8821634189545273
2.0,-1.7728566752982604,2.7090740563234825
2.0,-1.3589178523576741,2.5050275067135725
0.0,2.6214568860958405,3.691975436882215
2.0,-3.5836024806822526,3.403978589154505
1.0,1.723079927704212,2.2463500266752634
1.0,0.8755257009380288,-0.18032270578048237
1.0,2.8807251908425835,0.9574923798577241
2.0,-2.9242421578664626,1.3836656527082993
0.0,1.301674300111268,3.34199106497514
1.0,-1.5382679108402648,1.9547887332351026
2.0,-0.8238830462403827,4.281547954380811
0.0,-0.23192802421228542,6.321679386969183
2.0,0.25723495568085153,2.969217925193403
1.0,2.7745107684596344,0.5900833875103655
2.0,-0.7114225743038065,2.409336363073751
1.0,1.8616192778995428,3.051002226208025
1.0,3.1032417247173725,2.337347071635982
0.0,1.7482474366220084,2.4190392370882465
2.0,-1.7927932910667062,3.426985403054167
2.0,0.8265683740161132,2.831195750927121
2.0,-2.029802404591292,3.394409745072857
0.0,-1.2354133816414832,3.730218522599806
0.0,1.4877805554802161,5.116076969484684
1.0,3.5209294727839158,0.6662534656851793
0.0,2.1079253833335163,1.0161747268209225
0.0,-0.485256135365286,3.9378309620230856
0.0,1.0311802993082304,4.079166707417389
1.0,-0.10167944380739913,-0.3784558658475914
0.0,1.6570184119696982,4.036577206830205
1.0,2.181156119535493,1.058359167076508
1.0,3.155933371971905,0.8292122187433111
2.0,-1.2314366996901867,1.8163010941275841
1.0,1.9828325281620716,0.044414943788603445
0.0,-0.04171454881978387,3.912983964864181
1.0,2.5916965096956917,1.0245276544985227
0.0,-0.982891352934899,2.4224660582782453
0.0,2.2584813577257057,3.759724362826725
0.0,-1.0411917800468249,3.23702169773385
1.0,2.5363303363578233,0.8860749760984469
0.0,0.02986697313525566,5.6173533771029
0.0,1.8962658965205983,4.731338708415136
0.0,1.9862275954348587,4.004437031255251
2.0,0.013242030297925034,3.6354180510037395
1.0,3.1762832196325474,-0.7721426633471267
1.0,3.8371782398728227,-1.6510043617167338
2.0,-0.7612751730273596,3.3259117792447057
2.0,-1.507114228844868,1.4517506596993965
2.0,-2.639739526909465,3.9838888957293337
0.0,1.4019793102823568,5.044051192720325
2.0,-1.540266766030706,4.530771510941235
1.0,1.0522402404549325,-0.2328486467098021
2.0,-4.104646187098982,1.678084530983482
2.0,-2.652441127535691,3.2463576007627917
0.0,-0.43688467643266193,2.9355517663264363
1.0,3.7616381925838356,1.4452996961148794
1.0,0.8411386205062918,0.999625424383186
2.0,-1.583637272057402,3.714855120563503
1.0,-0.21556675054793173,0.6842878874943218
0.0,0.8201417335140503,4.416531202711073
2.0,-2.4685289069372396,2.5151854890333225
2.0,-1.8083496551124059,1.8818555637229837
2.0,-0.9681969841479888,1.8712921840081358
1.0,2.5721928833676477,0.7177937498581697
0.0,0.13062974751901457,5.435700197411784
1.0,2.2480609492166055,-0.2455102834405285
2.0,-2.133312879499367,0.49594401930806287
2.0,-2.1539982630602412,2.549324197142702
1.0,2.285008567861572,1.9542770989504694
1.0,2.980271873918802,1.1894655184209268
0.0,0.061732664239497304,3.2384511634852675
1.0,0.024422996463947744,1.7728792754744482
0.0,0.20392799514702642,1.6357035447790782
2.0,-1.0341818636378481,3.495046081374671
1.0,1.0477085848250483,-0.744230454468132
1.0,2.70126304536429,0.7267291589266935
1.0,-0.3589888616607726,1.6053079866276057
0.0,3.3897780963022592,4.250272815701361
1.0,3.2177607931662524,0.02123514526838499
1.0,4.184857794600878,0.4258798262330014
2.0,-0.11475965836126889,2.566769212743414
1.0,2.6707677376262096,-2.1518229092879326
2.0,0.03815265699749815,3.0436561910198607
2.0,-2.6226498583044897,2.703734083456407
1.0,3.1671374825933936,1.5673619166803356
2.0,-0.7545464826778993,3.7445582612626414
1.0,1.0530362932030983,-0.23842483321069063
0.0,-0.05158909133455625,2.453882447842245
0.0,0.08879448287691916,6.155404841936473
0.0,-0.9799679378127584,4.859126034079319
0.0,-0.39149286796563376,5.24573635293699
2.0,-3.1715903147747313,3.290559913837697
2.0,-3.209700652684245,2.549400077123399
0.0,-0.12533564523635943,4.606783279940637
2.0,-2.84170948798892,1.6064063337418866
1.0,2.5770370707102677,1.545777012567704
1.0,0.437171816125534,2.415643655765444
1.0,4.4153842877545655,0.6621829020056864
2.0,-1.937894641522437,1.7185662414592981
0.0,0.6024070399936479,4.371185738124084
2.0,-1.1535546779095212,1.623848952352987
1.0,2.3564652606428664,2.1633731701542764
2.0,0.425075461539993,2.664156312318455
2.0,-2.2281543435954916,3.356592013602686
0.0,1.9041736514296146,2.8831305592164087
2.0,-1.6831718129819768,2.690580746758974
0.0,2.202418781252903,3.640738519348315
2.0,-2.9799307787542135,2.445401807299856
0.0,1.0015445041569715,4.4231326758852445
1.0,0.08915917054272748,-1.2340026796779542
2.0,-2.3379740460231253,2.422021827310953
0.0,1.3128001249260501,3.1120389943328934
0.0,-0.26482133159486243,5.121700749386342
1.0,2.3964449442304114,1.396144411343289
0.0,0.14581026120522567,6.147439792543347
2.0,-2.277199120290514,2.0340928555262248
1.0,2.344712278495621,2.2510040160913
0.0,0.01696319909477917,4.592732339138716
1.0,2.6580614095226136,-0.13705673976594723
0.0,1.8728960795920533,2.8770533812039067
1.0,1.467597494585246,0.5625076568038903
2.0,-2.4495230048316774,1.5149673645466903
1.0,1.8515575687498953,0.7367043206158327
1.0,0.31937405338980485,-1.00155911022541
2.0,0.7701716232534714,0.9187349691758608
1.0,1.6464367087793614,-0.6181438345642483
1.0,1.7166324694043558,-0.49218016228289785
2.0,-0.9595564259955881,2.2853723290642725
2.0,-0.8608464823293845,3.704991554980125
0.0,0.37289003777544916,7.198731742900888
0.0,-0.4111488396398002,5.2412250495003825
1.0,2.1591673376313807,2.6007697150310785
0.0,1.4551256933146512,0.9766760197364097
1.0,0.8883840542098809,2.513128947804697
0.0,1.2448823545219878,4.699334906001676
1.0,1.5733984680336657,0.33549240632226907
1.0,2.933258233869349,0.8190776097645572
2.0,-1.3176563547800746,0.28546223929953074
0.0,1.0935400398043218,5.0033317431523425
0.0,-0.11424581660436872,3.794606182274908
1.0,2.351386750208843,2.7288127329997067
2.0,-2.7532000025342196,1.5373569375509113
0.0,0.21134564788382026,3.827061150253833
1.0,2.3243701865916964,-1.1167623754564509
1.0,1.5408250427298833,0.13225499216963577
2.0,-1.5002488158021245,3.5700263888323933
1.0,0.951686693357684,4.069186525155627
1.0,3.21538913483263,1.50734515120771
1.0,2.001131557000876,0.9926097286533789
1.0,0.40504614625218904,1.4988543385538726
2.0,-1.7037284107213178,4.189649815253652
2.0,-1.3881059243662894,2.261055572174723
1.0,2.328082661605055,2.8347631166742095
0.0,-0.281993479534016,2.5997658028336197
1.0,2.1733210096114486,1.3553631649889417
1.0,3.036701718854873,1.183503890364383
1.0,3.207936190781552,1.168672234261165
0.0,0.531425274681951,3.16904837278084
1.0,3.0861925527755147,-0.07388823131019828
2.0,-3.350873364724947,2.658042815113329
0.0,1.9198636330772665,3.7440844113652583
0.0,2.21099266966032,4.217042918376384
1.0,1.4943383098817904,-0.13452040197165904
1.0,3.610647362466338,1.6374148350893232
0.0,0.05929736985876344,2.578437558886496
2.0,-4.373536659037524,1.2597882499391406
2.0,-1.9982887374773555,2.5143536304304286
1.0,1.1279412618590354,1.9561315791735496
0.0,0.905966217185862,3.922735614732151
0.0,1.2469680748290592,5.970761706261903
2.0,-0.30025158771891625,2.416966913722737
