Fecha,GLPs,Gasolinas,Querosenos,Gasoleos,Fueloleos
1969-01-01,133615.0962,166875.2129,123257.809,401185.2939,912583.4202
1969-02-01,126748.4741,155466.8105,114682.5767,385360.0381,851877.8115
1969-03-01,107795.8091,184983.6699,109970.0796,418955.5808,873884.2933
1969-04-01,96683.15967,202319.8164,108797.9255,438975.5445,755490.117
1969-05-01,79506.23804,206259.1523,103554.0784,467451.9469,729963.6009
1969-06-01,72091.23975,208411.8379,104791.9049,463565.6154,655313.7799
1969-07-01,72515.22046,265736.7207,109991.9704,503946.9265,703708.9775
1969-08-01,69601.26001,282287.0176,108586.9776,493495.4185,757296.2275
1969-09-01,80101.26245,232225.9316,109205.8909,474779.1034,813477.7776
1969-10-01,90847.98218,217133.9355,109146.1886,493100.2457,824576.8578
1969-11-01,115474.1108,184276.0498,112431.8021,451287.5171,868227.0498
1969-12-01,168440.6055,210767.7012,135401.2455,439303.2903,1081320.164
1970-01-01,151270.9399,191248.418,131475.9297,423391.4234,1035835.797
1970-02-01,127156.9058,186340.6016,124060.8125,433168.1822,876489.4078
1970-03-01,137592.6372,224118.0117,137309.6758,476572.2877,927791.6531
1970-04-01,109805.8303,223821.7656,139170.4336,502526.4779,1000263.359
1970-05-01,89821.7207,231713.7871,149087.3711,476165.2816,913753.2777
1970-06-01,77227.73022,244819.5547,157043.2734,509821.1531,799806.8886
1970-07-01,82506.23877,307764.0898,164949.2539,546020.193,911369.9917
1970-08-01,83214.25537,326758.3379,166700.2148,521144.783,870752.5394
1970-09-01,85719.78467,265159.7734,158988.2305,507425.9885,1020278.759
1970-10-01,124416.062,248866.125,151032.4141,518730.2431,1102041.787
1970-11-01,119712.8818,215043.625,137283.4336,487177.7767,1131435.072
1970-12-01,188192.5103,236482.7344,143737.3281,462675.7251,1305166.03
1971-01-01,195014.5576,205688.4961,167992.0924,430143.192,1334080.558
1971-02-01,152786.4897,200367.3398,157670.7018,439240.4743,1184081.784
1971-03-01,178015.936,249035.9023,166636.2214,539470.8981,1292143.849
1971-04-01,119954.416,262518.6992,160622.4831,493348.6235,1159126.776
1971-05-01,101710.8042,249195.9414,153707.8893,491106.3267,966782.7926
1971-06-01,90025.93628,272193.6719,160343.5964,509546.3251,775987.2408
1971-07-01,91236.71753,334441.9609,162133.8737,595907.4325,853052.9046
1971-08-01,84680.04712,347689.9824,161070.1315,566125.6954,809914.2801
1971-09-01,94004.51367,289987.9316,161105.5339,550234.3355,931313.2318
1971-10-01,102733.9558,271296.1895,183029.3112,550041.4797,948763.5108
1971-11-01,164294.0942,244961.709,169241.9674,531612.5733,1057180.373
1971-12-01,192586.7754,262962.5391,183268.1315,504879.8023,1384069.25
1972-01-01,193090.5767,236177.0091,186174.6471,478602.0483,1400067.117
1972-02-01,173891.1943,237190.4681,174843.9401,492328.3461,1269615.28
1972-03-01,156792.0195,277409.9837,173203.0299,551815.1863,1191622.439
1972-04-01,123072.5923,284392.1654,173177.5924,559983.8049,1058360.284
1972-05-01,126897.7485,303667.7591,177776.2253,575470.1962,1064012.265
1972-06-01,92812.39185,295782.679,175662.5768,571799.6664,1005202.055
1972-07-01,95207.00195,374689.5618,185420.2135,610767.2726,999498.5849
1972-08-01,101325.1787,398585.1107,178668.8112,609973.9689,1007137.591
1972-09-01,112348.6782,325982.3333,181704.6901,588182.3952,1090969.79
1972-10-01,130525.9458,304453.4036,190053.2878,581178.9978,1106997.523
1972-11-01,151382.896,273259.5482,177776.8815,570634.8929,1262714.082
1972-12-01,198365.9751,303364.431,187981.5065,541729.5233,1380901.649
1973-01-01,219021.8193,279997.9622,204486.9648,555225.2129,1507571.881
1973-02-01,191657.957,267392.7142,189906.9023,542817.0681,1432939.767
1973-03-01,188088.8477,324231.1126,189664.4609,637672.9392,1507050.167
1973-04-01,144460.2959,339574.5775,193068.0625,585370.6693,1345490.657
1973-05-01,118961.3267,327426.5951,187988.5703,626382.6203,1353166.45
1973-06-01,101286.8235,365319.8001,194841.3242,631143.8286,1245216.184
1973-07-01,106323.7979,415490.1654,225599.3867,641732.0321,1318158.231
1973-08-01,106145.4978,463183.7337,175485.3555,687631.7837,1391725.066
1973-09-01,106042.8716,368707.8704,208990.8086,629304.1658,1389560.431
1973-10-01,148814.1323,365269.2376,206781.5313,714719.4131,1785204.542
1973-11-01,168207.3643,317173.6712,197115.4766,624241.9046,1741201.096
1973-12-01,223528.0405,357061.6224,211706.8711,691281.5419,1868734.4
1974-01-01,209830.0415,300819.0013,187562.2813,583122.06,1803799.365
1974-02-01,194433.0093,318927.6556,186491.8398,592754.4897,1655664.492
1974-03-01,191613.3818,304678.5111,187702.7891,581000.4251,1643786.338
1974-04-01,153855.2529,346731.4876,185141.0703,607150.9782,1601686.206
1974-05-01,136674.1851,338201.8118,186682.9609,659165.8987,1763406.825
1974-06-01,106132.0217,349288.9915,190253.7383,617956.791,1654203.579
1974-07-01,117738.106,434830.9935,205251.3008,695038.1675,1673898.151
1974-08-01,109658.6292,466283.8001,200757.6406,659997.1694,1611672.401
1974-09-01,118866.9937,365098.2786,206109.7422,631786.4694,1699653.007
1974-10-01,175537.3589,365035.2865,198811.0078,668564.6208,1937664.782
1974-11-01,185316.9053,326389.6849,185272.8828,640394.5499,1806567.658
1974-12-01,213122.3711,353288.64,196964.5078,651048.9434,1865248.229
1975-01-01,228796.1826,329363.7448,196137.2161,620803.4261,1981178.453
1975-02-01,181799.627,309589.7975,191172.4154,555942.0269,1690788.239
1975-03-01,197177.9995,375682.0885,199487.6927,578465.3147,1598492.396
1975-04-01,178126.855,362402.1589,198646.1771,667583.7901,1734930.163
1975-05-01,136127.8818,384780.4284,204396.7708,646315.9802,1620470.054
1975-06-01,128136.5186,383678.7331,210454.0091,668132.6462,1474329.82
1975-07-01,121374.5962,484431.444,215618.1458,712453.3896,1485647.193
1975-08-01,106541.4895,497693.7799,218136.8099,661746.7223,1439224.34
1975-09-01,133373.562,417996.9889,203592.5911,676874.683,1588298.994
1975-10-01,161377.0239,389488.9674,190364.9427,728030.4446,1849861.218
1975-11-01,181849.3853,340909.1628,187151.5365,716810.6296,1784981.925
1975-12-01,249974.4873,397278.0241,192748.0833,702793.8068,1917521.105
1976-01-01,254455.8291,363883.1263,188357.8568,719189.2581,2079201.446
1976-02-01,211513.5249,346836.4915,179808.7865,695746.7453,2052672.157
1976-03-01,208930.2485,385605.3685,188100.4036,756921.8565,2102210.536
1976-04-01,175344.5464,410190.9076,189940.4661,700237.4852,1906108.242
1976-05-01,140062.9209,398911.2728,196002.8333,702683.6077,1788996.411
1976-06-01,126892.5654,429326.4818,198079.6849,723985.2337,1792186.476
1976-07-01,130974.8057,504879.6829,210478.4661,806263.9767,1877761.46
1976-08-01,120729.8135,524729.5599,210979.3255,718892.2968,1644912.304
1976-09-01,145790.2891,423575.0208,201181.7005,781358.221,1823621.776
1976-10-01,165274.7441,404093.4349,200495.8568,829179.2223,1902543.639
1976-11-01,223480.3555,381265.806,192369.263,919948.8716,1867278.441
1976-12-01,251823.8311,412086.4349,184291.763,945408.805,1882426.978
1977-01-01,252583.6797,375188.5039,190204.8411,890148.7552,1765781.132
1977-02-01,209326.2402,355076.6641,183751.7083,839224.4944,1552136.427
1977-03-01,205989.3354,397951.2363,197623.8255,905320.0308,1471708.793
1977-04-01,179633.0752,434852.5,201930.6458,833730.7746,1313337.21
1977-05-01,173850.7656,416230.873,208576.5365,823784.309,1569176.046
1977-06-01,153292.3643,440007.9414,207699.7552,783498.9698,1518975.345
1977-07-01,141488.2842,550822.2695,224165.2552,845773.0642,1489346.503
1977-08-01,144306.875,540584.4648,219321.0208,771452.8046,1270819.43
1977-09-01,154313.4424,448803.0801,220504.724,821973.0204,1562576.839
1977-10-01,163213.9282,431175.7578,209658.6146,848675.0094,1575042.188
1977-11-01,208437.8501,389061.1719,194792.2865,974451.2666,1633720.133
1977-12-01,255654.1709,428030.332,192571.2396,1067032.698,1830794.583
1978-01-01,273676.9805,390509.8171,203236.1667,972523.2185,1686779.681
1978-02-01,231474.8286,365550.276,195484.3229,946600.4834,1573363.351
1978-03-01,218037.0229,466194.3073,209571.3854,988073.7592,1548691.19
1978-04-01,202632.7349,421217.8581,217259.8932,936411.632,1405285.687
1978-05-01,190999.6982,465498.4616,221660.6042,867429.4936,1440568.44
1978-06-01,166643.0928,464169.11,221861.3776,875146.0012,1406520.769
1978-07-01,144736.0386,588102.0339,230841.6667,850296.4028,1335817.774
1978-08-01,143210.1226,592308.9401,235703.8542,813891.7538,1354475.952
1978-09-01,153874.9492,497552.5924,226395.237,812849.049,1556281.044
1978-10-01,184487.603,471815.7428,230838.0885,898242.1543,1768160.585
1978-11-01,221992.7944,425811.3796,201915.9635,1016690.65,2027547.302
1978-12-01,259347.6758,465552.8366,203751.5651,1074378.507,1923924.189
1979-01-01,276086.1035,431605.278,199641.0208,1052592.839,1749287.754
1979-02-01,237316.2256,405046.4303,186681.1146,980835.6422,1265588.882
1979-03-01,253657.626,479437.4792,201491.013,1160288.512,1559411.016
1979-04-01,216224.998,504671.776,211253.8255,1002752.923,1352644.587
1979-05-01,197120.9854,490279.8932,220309.1302,1026475.056,1483083.23
1979-06-01,169069.8384,512979.2448,222975.8255,885416.9524,1337672.034
1979-07-01,168529.7554,560305.8737,229188.9505,894411.4921,1428282.355
1979-08-01,162048.7588,605073.0143,231448.7708,804426.4835,1384345.144
1979-09-01,168402.25,476677.5163,234599.5911,818708.3641,1538333.939
1979-10-01,209648.6313,487880.0221,221191.9583,1014484.659,1807293.495
1979-11-01,250345.5996,462139.3874,201677.6068,1159165.282,1810791.51
1979-12-01,277241.9434,485646.8776,205125.0052,1184411.931,1893544.112
1980-01-01,300699.793,413886.2617,188982.6016,1133120.882,1812112.09
1980-02-01,248951.3359,416575.9766,188542.6172,993067.68,1863869.235
1980-03-01,237095.4238,454416.6016,195887.0703,1006264.317,1831619.836
1980-04-01,207403.2959,488964.9219,202115.3984,953117.8397,1765102.761
1980-05-01,189459.2695,490372.6406,207460.3516,1044436.787,1814355.306
1980-06-01,161205.9805,457164.7676,207954.2031,813227.337,1493930.681
1980-07-01,162164.8608,577941.4688,219201.2422,906379.5089,1545152.305
1980-08-01,132976.5337,592491.9805,217780.4688,749445.0534,1147939.961
1980-09-01,158098.1704,509390.6094,211496.4375,853261.5821,1587192.401
1980-10-01,196412.9683,490170.9102,203867.3438,1062886.249,1831202.797
1980-11-01,207945.4521,426242.0391,192104.0938,1026967.785,1814952.223
1980-12-01,294276.8477,491542.9316,184703.8047,1146784.042,2042020.962
1981-01-01,277612.0195,443391.7773,189948.3281,1095084.47,2184159.093
1981-02-01,243765.0869,406710.1758,182330.7578,1003085.973,1938626.633
1981-03-01,206464.1108,437449.084,190453.7813,1046658.481,1824676.787
1981-04-01,189996.2427,500709.7695,200701.3047,831741.9179,1511915.859
1981-05-01,168228.0967,447449.3926,202577.125,841395.1631,1267691.401
1981-06-01,151237.7681,488354.1563,209100.7578,855856.0216,1390095.365
1981-07-01,161965.8286,597169.5,228421.8047,1267803.944,1529841.409
1981-08-01,126913.2979,577960.125,230782.6641,712089.2519,917235.8232
1981-09-01,170707.7104,487694.8359,224299.8281,823323.17,1373117.171
1981-10-01,186111.9985,482857.4141,220806.8594,890213.9933,1415812.852
1981-11-01,202465.8379,430020.9688,193117.9531,883081.5396,1446481.527
1981-12-01,252088.1709,477249.7715,192713.3906,733070.8051,1474494.902
1982-01-01,230248.498,433552.9238,194116.0286,959431.7995,1166114.748
1982-02-01,213769.2266,410839.791,195163.9896,981631.4605,1131073.285
1982-03-01,224510.7637,478667.8691,202242.7318,1046123.399,1328654.8
1982-04-01,195995.2075,517550.1992,209340.4818,887006.8977,1131564.214
1982-05-01,166154.8413,463073.6328,220316.3255,865158.5382,1230941.579
1982-06-01,155952.3511,503978.0586,224294.1458,946417.0795,1306537.963
1982-07-01,151562.2324,595668.375,231323.3646,978234.62,1399176.713
1982-08-01,131302.3799,601984.3008,225009.3646,741730.1788,824999.8763
1982-09-01,155116.8291,512642.3203,228616.1146,831130.485,1213099.146
1982-10-01,167176.9561,493816.3359,221475.5755,906869.7875,1132180.407
1982-11-01,208149.668,450274.627,199767.3568,1087580.597,1353315.704
1982-12-01,249445.8076,473747.6074,197015.5443,1029974.143,1011326.647
1983-01-01,241727.0771,432554.2871,193355.9609,1075157.726,1206916.469
1983-02-01,234523.5508,390726.75,186531.3672,1000899.666,1373787.579
1983-03-01,208428.5205,506365.8164,196839.375,1000871.934,1265045.838
1983-04-01,178731.209,454885.4492,201793.4766,885536.8678,1065939.622
1983-05-01,172295.8242,480397.5508,210004.2734,883202.9407,958965.9993
1983-06-01,153252.9722,499212.5117,208181.6016,884489.4965,895238.4785
1983-07-01,138990.0112,582114.1992,217741.3203,920530.9902,971428.3189
1983-08-01,136542.5332,617407.957,207557.1563,842545.6114,857041.376
1983-09-01,146118.9004,517135.75,214142.6563,925874.5809,878840.1195
1983-10-01,158360.437,487898.7813,208446.7891,970558.3457,1027167.1
1983-11-01,185240.1948,398769.2734,189939.8281,984666.3355,1165616.862
1983-12-01,227989.686,518077.082,190251.4141,1061055.289,1034133.913
1984-01-01,226399.3652,441163.668,187701.9089,1044426.585,974810.9578
1984-02-01,221267.1895,420741.1738,186801.487,1061369.251,952546.3955
1984-03-01,234155.7832,474896.1855,193939.6589,1099301.732,1031287.22
1984-04-01,180632.4443,492473.0625,206778.0651,872425.1103,937386.688
1984-05-01,187951.6616,478406.5313,203910.276,923821.8944,797298.528
1984-06-01,157428.6118,493121.1367,215480.2682,884715.564,763164.8595
1984-07-01,142821.3306,581159.5508,215705.0807,945249.8119,742244.8212
1984-08-01,147376.1108,622074.4727,216845.6667,875475.1108,679164.0421
1984-09-01,141249.0688,488103.2109,221311.4948,875785.828,800529.646
1984-10-01,178082.9717,515116.8047,209481.7682,1048352.153,820006.3537
1984-11-01,186842.564,449140.0977,194274.9089,1001767.621,824285.4379
1984-12-01,216852.604,486776.8086,190337.401,1078673.699,842843.2006
1985-01-01,279625.584,430046.0566,190903.8802,1190887.64,1059999.04
1985-02-01,190815.8174,408910.0996,175327.0599,945740.23,802257.3471
1985-03-01,208258.8491,471035.043,190528.7083,1082467.827,800582.8314
1985-04-01,180853.417,512827.1641,195582.7161,958611.777,725083.2465
1985-05-01,179111.2949,493006.0039,200041.138,953555.2655,713923.4996
1985-06-01,140209.106,478070.3203,197187.2708,858766.5324,613715.7314
1985-07-01,155433.1924,614761.0195,219384.3099,997944.1546,675923.5924
1985-08-01,146618.7007,632714.0586,206727.0365,859144.0932,506008.3064
1985-09-01,158276.4761,512629.8672,203701.6302,889599.0868,681565.9985
1985-10-01,192822.8413,516455.5469,194331.0833,1045474.304,711517.2329
1985-11-01,208994.3428,462090.8867,184728.3255,1117036.974,792955.7622
1985-12-01,251395.3184,514543.2969,184459.7786,1203260.796,932671.8237
1986-01-01,246060.9111,466801.9876,178047.2161,1121166.708,765787.5637
1986-02-01,228792.5137,420462.9427,172681.5755,1046857.733,731424.6595
1986-03-01,205847.5039,529816.7161,183528.1302,1047474.816,681765.9103
1986-04-01,241258.6602,517272.8021,189570.7161,1125483.093,785456.8799
1986-05-01,175543.5371,535455.0794,192116.1302,935185.5976,673092.8035
1986-06-01,154242.4941,523748.9818,210197.2943,945011.6417,700947.0419
1986-07-01,156938.1851,651982.1068,226117.6693,1028517.163,736867.4228
1986-08-01,132678.0015,663922.1849,197252.224,850457.0363,579653.5092
1986-09-01,159887.9912,572256.5599,211016.4896,954222.0276,689803.3003
1986-10-01,195811.5254,567274.6068,189011.2943,1129362.607,733873.7924
1986-11-01,203303.2441,490465.7122,175217.3021,1136178.961,739828.8501
1986-12-01,270581.4326,583938.4388,172710.3021,1262025.368,857939.7649
1987-01-01,283067.9004,487216.1582,184885.0938,1165608.194,900473.25
1987-02-01,227592.1729,466882.0293,181243.9219,1090495.253,826506.4804
1987-03-01,219098.2466,539773.1289,192746.25,1160224.931,761283.9393
1987-04-01,206495.9297,595700.3945,202828.9688,1067388.179,728588.7708
1987-05-01,168423.252,545894.5859,198342.6172,996375.5494,699533.6922
1987-06-01,173555.1074,593754.8398,207503.6641,1032474.402,734009.453
1987-07-01,168702.4736,693832.8711,217534.2734,1090884.087,788342.7392
1987-08-01,159711.3472,708192.6289,210113.4063,919669.9456,633196.5416
1987-09-01,177998.771,596389.3125,223021.8594,1001260.76,719687.2636
1987-10-01,192348.0356,590872.918,203181.9844,1137561.125,769498.7613
1987-11-01,200875.1782,538471.5977,191835.8828,1204709.595,758967.2281
1987-12-01,262027.71,599717.7227,217354.8125,1250978.346,820760.7715
1988-01-01,262269.6279,513657.916,198664.1771,1105098.283,734092.6581
1988-02-01,257266.3438,534746.0254,191958.4193,1243334.786,722369.6748
1988-03-01,257271.5342,615828.1563,204845.2396,1363852.304,862463.8684
1988-04-01,207335.2358,604672.6133,205351.638,1074522.386,712821.2671
1988-05-01,194231.2007,583147.1016,221332.9036,1072687.873,745564.7265
1988-06-01,187358.4331,619926.7617,215481.4661,1064852.902,772879.768
1988-07-01,164597.6455,724894.1484,225543.7786,1111707.812,699959.0722
1988-08-01,151487.3818,776778.418,224583.5599,1042713.939,680280.9607
1988-09-01,165859.8843,651367.5234,221658.9583,1092604.377,749647.5431
1988-10-01,171858.6348,624440.1875,215455.1771,1181245.809,814953.6153
1988-11-01,205018.3633,584955.3945,217264.8568,1313375.956,763729.0702
1988-12-01,274329.4102,633953.3203,224317.9583,1414431.637,961792.0972
1989-01-01,265028.7949,586376.8672,195729.3021,1401039.673,1045070.846
1989-02-01,233615.5449,542612.8164,192698.3021,1301966.777,1155984.522
1989-03-01,224968.0771,675030.8711,215707.2083,1319598.925,890423.0578
1989-04-01,201347.9292,606781.1328,217774.4427,1223733.502,788723.4061
1989-05-01,184736.0708,677187.4688,227264.6068,1195155.625,785218.0893
1989-06-01,166624.1416,674071.875,238483.849,1232356.144,829813.2344
1989-07-01,138146.6709,764223.8555,237480.9661,1161505.752,762463.5321
1989-08-01,141368.9688,805682.5,235923.4036,1068041.744,642694.0686
1989-09-01,153239.772,687649.2852,231927.8646,1117760.886,697019.5422
1989-10-01,175129.3887,669889.1602,228058.2474,1233721.03,733803.156
1989-11-01,201936.5381,601413.8867,212256.5599,1313621.021,894836.0841
1989-12-01,225823.4805,663568.1055,218485.5052,1222823.123,728580.8861
1990-01-01,265665.5479,610241.2461,212767.4297,1401183.832,696660.729
1990-02-01,212466.8887,585933.0078,210740.5234,1282944.069,648011.5053
1990-03-01,221798.9463,670529.1484,224471.9531,1394490.209,709269.1447
1990-04-01,216019.084,690078.1602,231633.5781,1254858.448,641693.1237
1990-05-01,190302.6006,682247.6836,237685.8047,1256922.164,691844.935
1990-06-01,159885.2329,681712.4648,231614.0938,1182053.453,675039.9186
1990-07-01,154083.5205,784158.4648,248602.4531,1251777.943,844136.0047
1990-08-01,146740.8589,833716.4258,248577.9375,1202367.513,686047.4738
1990-09-01,148250.5947,675229.6563,243188.1016,1113380.628,688548.1066
1990-10-01,196153.2153,682145.793,227345.6328,1205898.747,728293.9071
1990-11-01,221746.9219,639988.082,220657.8672,1376867.659,745741.7727
1990-12-01,288491.5801,696518.75,229094.6016,1505432.978,836629.6404
1991-01-01,292837.8252,606858.1992,208815.1302,1526588.899,824051.05
1991-02-01,259837.4951,564102.2617,193001.263,1305728.818,764142.734
1991-03-01,223774.5635,688014.8477,211395.0286,1224566.863,714338.8578
1991-04-01,235212.0889,691049.6133,223910.7943,1342853.449,742296.9608
1991-05-01,210954.1938,681817.8867,222452.7786,1247023.696,750160.5014
1991-06-01,153641.9849,673223.2617,231289.2474,1115042.232,645648.5657
1991-07-01,169810.4541,808961.2852,250262.8255,1239519.769,711398.7733
1991-08-01,150527.4727,837002.9805,242062.2552,1018703.94,624344.2776
1991-09-01,150628.1753,701699.2617,243679.7474,1049617.445,671259.1842
1991-10-01,211941.4941,705985.0078,232922.2161,1390528.703,720552.9447
1991-11-01,226945.1357,662333.6406,222381.6849,1334675.572,692379.5986
1991-12-01,278127.9854,724617.0586,237926.2474,1481882.253,749561.8482
1992-01-01,345000.0,686000.0,207000.0,1422000.0,1010000.0
1992-02-01,234000.0,604000.0,194000.0,1299000.0,1091000.0
1992-03-01,247000.0,795000.0,195000.0,1323000.0,978000.0
1992-04-01,233000.0,680000.0,299000.0,1263000.0,801000.0
1992-05-01,178000.0,801000.0,262000.0,1234000.0,905000.0
1992-06-01,205000.0,719000.0,196000.0,1102000.0,712000.0
1992-07-01,157000.0,821000.0,278000.0,1224000.0,885000.0
1992-08-01,166000.0,921000.0,268000.0,1058000.0,713000.0
1992-09-01,182000.0,749000.0,264000.0,1222000.0,874000.0
1992-10-01,230000.0,753000.0,262000.0,1199000.0,699000.0
1992-11-01,238000.0,666000.0,187000.0,1277000.0,783000.0
1992-12-01,255000.0,730000.0,179000.0,1295000.0,662000.0
1993-01-01,256000.0,649000.0,246000.0,1310000.0,754000.0
1993-02-01,245000.0,640000.0,178000.0,1396000.0,872000.0
1993-03-01,269000.0,821000.0,203000.0,1777000.0,889000.0
1993-04-01,203000.0,803000.0,198000.0,1368000.0,681000.0
1993-05-01,182000.0,670000.0,246000.0,1289000.0,774000.0
1993-06-01,164000.0,772000.0,190000.0,1226000.0,764000.0
1993-07-01,162000.0,864000.0,239000.0,1270000.0,726000.0
1993-08-01,149000.0,807000.0,273000.0,1200000.0,698000.0
1993-09-01,175000.0,733000.0,264000.0,1136000.0,833000.0
1993-10-01,249000.0,714000.0,220000.0,1430000.0,797000.0
1993-11-01,211000.0,678000.0,204000.0,1521000.0,898000.0
1993-12-01,310000.0,709000.0,200000.0,1595000.0,929000.0
1994-01-01,286000.0,685000.0,234000.0,1435000.0,865000.0
1994-02-01,263000.0,660000.0,133000.0,1547000.0,799000.0
1994-03-01,252000.0,755000.0,234000.0,1270000.0,896000.0
1994-04-01,234000.0,753000.0,232000.0,1630000.0,993000.0
1994-05-01,189000.0,737000.0,217000.0,1284000.0,882000.0
1994-06-01,174000.0,817000.0,275000.0,1482000.0,845000.0
1994-07-01,161000.0,846000.0,272000.0,1323000.0,884000.0
1994-08-01,168000.0,966000.0,274000.0,1202000.0,590000.0
1994-09-01,184000.0,788000.0,247000.0,1326000.0,920000.0
1994-10-01,328000.0,660000.0,267000.0,1114000.0,889000.0
1994-11-01,179000.0,664000.0,220000.0,1745000.0,933000.0
1994-12-01,285000.0,731000.0,223000.0,1821000.0,843000.0
1995-01-01,294000.0,667000.0,204000.0,1674000.0,914000.0
1995-02-01,232000.0,650000.0,207000.0,1541000.0,761000.0
1995-03-01,261000.0,753000.0,234000.0,1809000.0,643000.0
1995-04-01,209000.0,763000.0,276000.0,1417000.0,1111000.0
1995-05-01,189000.0,779000.0,259000.0,1499000.0,833000.0
1995-06-01,162000.0,800000.0,261000.0,1472000.0,834000.0
1995-07-01,168000.0,835000.0,306000.0,1464000.0,949000.0
1995-08-01,159000.0,913000.0,306000.0,1435000.0,884000.0
1995-09-01,170000.0,776000.0,299000.0,1464000.0,1006000.0
1995-10-01,187000.0,754000.0,279000.0,1581000.0,990000.0
1995-11-01,207000.0,690000.0,232000.0,1835000.0,1155000.0
1995-12-01,260000.0,790000.0,241000.0,1900000.0,989000.0
1996-01-01,252817.0,656300.2929,259100.0,1567839.688,679024.0
1996-02-01,262664.0,678562.5014,230280.0,1799664.584,693300.0
1996-03-01,242984.0,744216.5401,270030.0,1805506.298,825658.0
1996-04-01,192651.0,768187.2951,275910.0,1485207.309,685832.0
1996-05-01,184112.0,746080.0442,268510.0,1587184.634,735013.0
1996-06-01,137297.0,737075.1855,265850.0,1410476.851,844173.0
1996-07-01,154307.0,861574.8475,308080.0,1658625.205,904327.0
1996-08-01,140783.0,879439.586,307480.0,1468473.835,820918.0
1996-09-01,165714.0,732886.7462,297430.0,1553579.037,835914.0
1996-10-01,201849.0,771886.1695,288870.0,1844736.438,869013.0
1996-11-01,216005.0,698576.8095,248650.0,1834834.292,897144.0
1996-12-01,282737.0,759805.0166,254320.0,1804936.0,832140.0
1997-01-01,329259.0,659236.535,254169.601,1743837.444,682800.339
1997-02-01,256926.0,650280.401,233980.5,1641353.434,619860.548
1997-03-01,197987.0,760366.129,276568.926,1682172.0,695260.0
1997-04-01,212389.0,719401.589,293032.975,1656416.57,807266.0
1997-05-01,172000.0,747808.916,308076.225,1584331.211,749102.0
1997-06-01,156800.0,723270.948,299753.796,1526920.543,831552.0
1997-07-01,166189.0,847709.01,349861.428,1746668.764,847436.0
1997-08-01,141459.0,858253.888,335507.393,1483538.597,781843.0
1997-09-01,161608.0,744701.799,328352.347,1636763.578,903772.0
1997-10-01,181513.0,758423.262,313805.865,1871864.705,903531.0
1997-11-01,214816.0,666916.523,273907.197,1863766.321,832028.0
1997-12-01,307929.0,782760.841,269887.336,2036548.746,933089.424
1998-01-01,301473.0,666936.844,286511.361,1884132.335,812131.0
1998-02-01,271094.0,641844.887,254049.957,1817961.892,874175.42
1998-03-01,234294.0,723152.237,309740.641,1957673.032,913261.5
1998-04-01,231442.0,757086.183,308710.23,1854327.344,922186.0
1998-05-01,182474.0,714184.603,317786.164,1728044.732,889859.0
1998-06-01,170284.0,748650.507,317598.682,1763270.754,845277.0
1998-07-01,158720.0,858259.816,347235.58,1898412.134,944055.0
1998-08-01,140927.0,857232.247,382390.911,1612458.878,942185.0
1998-09-01,158959.0,741078.492,337422.387,1780916.73,992195.0
1998-10-01,191006.0,770843.613,332760.425,2070200.47,956044.383
1998-11-01,224081.0,686458.422,307610.413,2008174.15,1046140.0
1998-12-01,316632.0,783157.346,351068.175,2252083.646,1256379.26
1999-01-01,295241.0,638617.806,296493.766,2075833.018,1126345.543
1999-02-01,292425.0,646729.252,277195.188,2197444.112,1189709.948
1999-03-01,271551.0,775202.203,310199.83,2345501.002,1277852.793
1999-04-01,209024.0,724597.605,313517.243,1876383.193,961275.32
1999-05-01,165982.0,727571.431,334300.114,1874616.929,970258.812
1999-06-01,158803.0,749611.539,351279.504,1942111.878,943545.58
1999-07-01,146358.0,860206.852,386981.776,2069915.06,1048733.5
1999-08-01,142409.0,826319.338,388731.21,1817525.533,1043764.421
1999-09-01,150641.0,735499.086,370874.159,1942720.125,953257.371
1999-10-01,174015.0,730181.541,373528.674,2143112.293,924544.282
1999-11-01,244865.0,684784.344,319930.519,2353258.902,945354.341
1999-12-01,318373.0,762301.815,355004.307,2561379.925,1042536.62
2000-01-01,315750.0,625428.348,308303.442,2301041.468,959111.835
2000-02-01,269827.0,655115.675,288765.349,2288845.889,884909.8
2000-03-01,242378.0,708088.051,328512.056,2337662.21,906017.498
2000-04-01,217422.0,712829.234,345421.781,2038252.933,969988.84
2000-05-01,188250.0,711040.468,371462.345,2079069.608,1058831.54
2000-06-01,156079.0,719252.452,376343.205,2114750.937,1016975.92
2000-07-01,139804.0,776890.928,412414.399,2131524.715,988561.3
2000-08-01,154044.0,815743.749,411333.883,2015635.748,1039002.22
2000-09-01,155141.0,774849.147,428939.409,2071675.23,1066403.0
2000-10-01,166050.0,642821.23,397403.923,2197790.132,981868.14
2000-11-01,224996.0,622546.332,336415.9,2255429.981,1052345.92
2000-12-01,260831.0,693690.289,339541.737,2222217.25,976355.112
2001-01-01,273884.0,632836.76,344929.129,2409723.478,1036450.86
2001-02-01,245381.0,609841.794,320508.069,2351339.745,857546.691
2001-03-01,227261.0,690590.68,353876.051,2450656.259,1018425.9
2001-04-01,187955.0,711727.961,359922.16,2111302.459,932687.185
2001-05-01,183685.0,682730.721,383440.857,2219955.123,997284.87
2001-06-01,146350.0,717000.915,386026.32,2167619.303,1004457.759
2001-07-01,140601.0,769892.571,407960.051,2255938.69,1053429.28
2001-08-01,136679.0,818602.792,425220.739,2103904.076,1052963.5
2001-09-01,128928.0,672652.988,400646.919,2153710.793,1023073.6
2001-10-01,162258.0,715335.064,378728.658,2416351.15,1225340.48
2001-11-01,218561.0,656014.579,333416.868,2529947.359,1127528.16
2001-12-01,278281.0,728992.227,329457.479,2728885.733,1314162.12
2002-01-01,295472.0,600850.624,295474.619,2463006.961,1505433.42
2002-02-01,245504.0,591130.917,293315.847,2387624.501,1168035.433
2002-03-01,219379.0,689429.416,320275.836,2384096.945,1125078.1
2002-04-01,241417.0,668750.983,330211.858,2398187.865,1134521.091
2002-05-01,182246.0,687408.158,353818.178,2292809.555,1151927.038
2002-06-01,135839.0,668769.595,385878.802,2169991.486,1059854.215
2002-07-01,146280.0,780526.753,390584.945,2514242.935,1171482.166
2002-08-01,140991.0,795661.617,419925.562,2240492.356,1190725.158
2002-09-01,142368.0,663042.235,386019.411,2285784.6,1044367.307
2002-10-01,168749.0,698030.707,364524.759,2610216.062,1153483.956
2002-11-01,185181.0,635737.459,268528.875,2513908.755,1076478.929
2002-12-01,246607.0,674829.485,363164.183,2492427.602,1069969.667
2003-01-01,273943.0,612593.596,327806.613,2703400.322,979942.384
2003-02-01,266134.26,575149.407,308667.721,2648439.036,924958.462
2003-03-01,217705.69,646088.153,351467.75,2566590.154,1045211.933
2003-04-01,204340.3,693010.924,325458.71,2464419.153,1062805.721
2003-05-01,153703.0,688967.233,375270.589,2480065.247,1072608.847
2003-06-01,136508.54,677122.569,364383.088,2424813.436,1134320.734
2003-07-01,133259.51,766983.754,395456.589,2708265.354,1233476.961
2003-08-01,117104.08,766618.364,432700.591,2331670.876,1187405.92
2003-09-01,136025.16,670091.871,411148.865,2485873.848,1142188.376
2003-10-01,171000.59,674489.406,393080.723,2763558.414,1170883.269
2003-11-01,184330.02,594249.758,343630.805,2558758.41,1032099.196
2003-12-01,270487.6,683334.668,359999.206,2886038.5,1134463.954
2004-01-01,260536.97,603463.521,358922.925,2774880.086,1025929.601
2004-02-01,246875.01,569317.867,327036.126,2738850.798,956502.208
2004-03-01,267312.93,641382.575,377812.314,2958159.631,966420.491
2004-04-01,229111.33,662184.51,389879.723,2701241.768,1040742.693
2004-05-01,176679.34,627488.162,387953.21,2542142.046,1071307.837
2004-06-01,141505.59,667013.325,414016.324,2674205.326,1135158.303
2004-07-01,128423.34,738920.796,429335.775,2818833.787,1033098.734
2004-08-01,124887.18,710695.215,496777.95,2460296.328,1151650.643
2004-09-01,133768.32,638428.451,454446.368,2640921.198,1207437.337
2004-10-01,147469.6,627183.282,423466.63,2734863.502,1177297.857
2004-11-01,210263.08,592772.014,387992.26,2919179.34,1019865.9
2004-12-01,272580.62,641909.697,423363.081,3055210.998,1200396.336
2005-01-01,283649.95,550740.415,393584.743,2914171.869,1311256.999
2005-02-01,278416.86,528612.784,354230.596,2926545.998,1074538.921
2005-03-01,280766.62,628384.423,413411.091,3080530.091,1211838.863
2005-04-01,197893.25,600861.295,427341.957,2785498.607,1054673.871
2005-05-01,151171.9,619228.033,428508.056,2725155.02,1091240.495
2005-06-01,129631.55,631673.159,437353.308,2719703.833,1252058.876
2005-07-01,115795.48,683861.611,494059.069,2858505.415,1273255.644
2005-08-01,125323.88,689311.644,492724.941,2737111.263,1200633.846
2005-09-01,130506.87,600603.21,470218.576,2706787.52,1029491.466
2005-10-01,143977.2,590508.121,437157.252,2709414.104,975967.917
2005-11-01,186604.47,549730.287,400974.748,2983903.33,981567.975
2005-12-01,269680.22,595522.622,432586.197,3147235.286,1079752.381
2006-01-01,268531.3,532616.474,384208.438,3007988.331,1031763.759
2006-02-01,259130.16,507219.26,379402.633,2976721.341,1019550.588
2006-03-01,247466.38,584416.591,420242.83,3219461.867,1035132.947
2006-04-01,171064.79,583372.407,409556.571,2633679.359,935525.785
2006-05-01,145951.39,597975.082,450929.972,2882060.092,999970.479
2006-06-01,124617.81,596298.344,465479.784,2948524.227,1001948.821
2006-07-01,109001.0,632328.44,526929.913,2882218.39,1075349.143
2006-08-01,119447.67,643231.079,537068.244,2767972.986,1118670.542
2006-09-01,115247.65,583325.863,499387.185,2861102.84,1055539.152
2006-10-01,137241.61,574522.175,485776.419,2977364.153,1044548.245
2006-11-01,154311.4,533132.151,418121.371,3006508.264,1075114.223
2006-12-01,224246.54,571539.809,432968.873,3103465.795,926954.183
2007-01-01,251689.88,522297.63,368354.82,3212268.16,966281.14
2007-02-01,225386.77,485655.58,376781.8,2957705.04,903303.21
2007-03-01,213893.91,577570.35,429026.27,3357535.72,1010413.8
2007-04-01,193611.55,550795.01,481810.34,2877858.68,915698.38
2007-05-01,152908.32,565998.76,491240.36,2968428.22,956824.1
2007-06-01,121474.15,580192.72,473265.89,2989916.18,1007234.67
2007-07-01,116777.8,618940.25,581424.9,3106898.88,1000943.87
2007-08-01,118443.18,633264.72,572289.17,2947252.12,1048249.9
2007-09-01,111547.44,537295.54,515863.53,2762490.48,992811.6
2007-10-01,145720.21,574018.64,511288.24,3266952.87,1064198.0
2007-11-01,181783.1,518332.71,415028.12,3233125.9,957818.73
2007-12-01,227443.76,532806.26,492056.76,3150832.17,920952.7
2008-01-01,244269.89,493849.48,432320.97,3226238.62,942659.67
2008-02-01,224641.17,488254.66,416072.17,3135734.23,905128.2
2008-03-01,197403.07,525620.22,470617.04,2985379.84,969487.46
2008-04-01,181805.93,520710.43,484119.9,3023332.04,949480.7
2008-05-01,142657.24,528906.74,503467.44,2830834.07,998970.75
2008-06-01,117796.06,520828.83,490577.11,2686604.85,942643.53
2008-07-01,113229.64,589973.21,511571.76,3043624.28,1032315.28
2008-08-01,99712.77,577170.54,555844.12,2652445.04,993089.58
2008-09-01,113927.3,520153.42,513252.98,2699254.58,1019410.47
2008-10-01,136094.01,528471.28,452935.91,2987759.52,979649.01
2008-11-01,164524.35,476811.22,370917.4,2923085.6,915664.48
2008-12-01,243530.84,525079.26,428626.27,3183344.14,988941.94
2009-01-01,250523.77,462173.79,335165.03,2980514.41,1010951.85
2009-02-01,216476.28,445294.26,367715.2,2801009.92,886188.05
2009-03-01,187317.62,495826.34,398418.43,2905439.89,967370.18
2009-04-01,189473.38,511118.79,401352.53,2770146.0,883247.3
2009-05-01,127782.39,497271.12,428642.1,2604109.17,939610.07
2009-06-01,110666.05,522017.26,446541.95,2709177.43,915729.79
2009-07-01,104318.57,581255.35,526910.19,2902924.68,943034.86
2009-08-01,95568.69,552135.9,497374.97,2487599.4,941752.58
2009-09-01,107360.82,498488.44,459037.58,2655255.92,919462.02
2009-10-01,110632.55,507482.63,462494.67,2830009.4,932813.55
2009-11-01,130851.28,449782.07,394654.55,2691444.97,893810.43
2009-12-01,208548.2,489996.01,415090.73,3007661.35,913067.15
2010-01-01,215647.84,416405.32,354744.9,2668944.45,853520.54
2010-02-01,219733.91,414800.84,354870.57,2798986.19,754182.29
2010-03-01,224081.7,495166.59,373017.06,3116187.13,903156.65
2010-04-01,161108.86,469130.62,395379.2,2651317.68,893514.8
2010-05-01,129157.58,471306.21,442878.27,2652308.76,833029.95
2010-06-01,110451.17,490110.81,489502.23,2732898.23,877236.34
2010-07-01,97755.71,541730.82,518882.07,2802796.24,933329.62
2010-08-01,95229.48,524558.76,535990.57,2545340.78,862013.52
2010-09-01,99726.08,483869.65,461568.53,2586622.02,879050.81
2010-10-01,119331.28,466887.13,475536.99,2805910.37,909191.85
2010-11-01,154815.25,435609.86,409250.19,2882908.64,841299.53
2010-12-01,224741.8,467040.03,434225.06,2973873.86,868142.49
2011-01-01,208565.68,403775.22,387151.94,2672771.9,862103.77
2011-02-01,198203.55,399235.52,378148.36,2720424.16,825402.34
2011-03-01,204797.45,433017.04,437247.82,2803773.62,883497.71
2011-04-01,132997.16,450086.56,474862.0,2487063.91,835495.22
2011-05-01,114552.31,428517.53,496942.26,2463635.27,913288.7
2011-06-01,98768.74,456981.45,510320.51,2540256.13,867140.27
2011-07-01,89644.2,493766.31,551143.88,2580980.4,1017921.54
2011-08-01,97600.16,507608.73,548229.18,2482335.41,810688.39
2011-09-01,96712.99,451219.99,522563.72,2465049.35,867309.88
2011-10-01,100918.17,439096.11,478470.79,2554463.24,914157.93
2011-11-01,130136.45,400552.9,398616.52,2590474.24,848208.92
2011-12-01,181517.0,435596.78,412345.69,2748864.18,829822.11
2012-01-01,190724.28,385900.99,373910.26,2579801.58,823980.89
2012-02-01,216701.64,377029.28,376429.87,2676516.52,807547.67
2012-03-01,176151.57,420827.48,366054.56,2535024.02,878691.72
2012-04-01,144272.65,392185.79,449231.05,2300502.71,866594.51
2012-05-01,120863.92,410878.39,462604.57,2361920.77,874847.71
2012-06-01,95113.51,444024.36,475949.78,2410122.07,850170.98
2012-07-01,86950.67,452522.58,553705.96,2400918.93,931474.72
2012-08-01,93341.48,477880.12,517386.84,2436245.43,837024.79
2012-09-01,76165.11,388007.2,493947.78,2105116.76,859983.91
2012-10-01,104808.8,404195.97,483721.81,2459246.55,838216.99
2012-11-01,130477.6,369189.97,340052.41,2409068.77,817449.17
2012-12-01,166325.58,400227.48,385265.76,2488325.41,774543.5
2013-01-01,186343.05,348326.42,331557.13,2400450.32,669796.34
2013-02-01,168852.5,331414.35,312704.3,2291897.85,603342.36
2013-03-01,168140.41,377228.13,386563.81,2361260.23,708007.19
2013-04-01,150952.25,388417.55,419906.07,2356984.61,698931.55
2013-05-01,130265.54,391649.69,436003.81,2299441.53,715820.42
2013-06-01,111355.2,383758.51,469331.92,2147339.81,633745.86
2013-07-01,109927.55,453329.17,522857.14,2460099.16,754783.57
2013-08-01,84165.74,451327.46,523428.72,2293827.52,801161.72
2013-09-01,82881.0,382396.35,469240.26,2173149.65,751035.48
2013-10-01,100008.95,402008.55,444178.4,2505581.74,782384.09
2013-11-01,121004.58,362536.88,382789.1,2441671.1,764522.6
2013-12-01,174476.15,383480.32,431419.1,2497624.93,744049.24
2014-01-01,178004.52,349037.01,342980.12,2400169.67,786939.66
2014-02-01,160992.63,329216.94,321271.45,2269710.0,674351.24
2014-03-01,166309.47,373829.62,382644.65,2443892.05,826474.25
2014-04-01,137516.41,385697.3,442961.27,2296676.73,700140.73
2014-05-01,125224.91,390034.07,457718.6,2278982.3,752052.16
2014-06-01,116951.6,385976.89,449437.35,2226763.49,763672.55
2014-07-01,120801.07,438318.08,562508.69,2454934.55,742739.94
2014-08-01,103956.09,429923.0,551769.28,2188759.07,728129.61
2014-09-01,115640.28,395557.19,509346.8,2306436.51,789808.54
2014-10-01,130940.87,398416.73,489114.51,2534770.44,801111.42
2014-11-01,130859.68,345307.89,363685.48,2335176.26,700981.46
2014-12-01,176383.77,393699.86,392522.55,2641330.33,669035.63
2015-01-01,191158.82,353865.1,360892.31,2614844.79,735654.88
2015-02-01,185976.45,325002.22,352524.77,2461503.82,628589.93
2015-03-01,218325.07,373453.15,377254.14,2567978.89,672429.63
2015-04-01,158023.94,384388.93,442060.93,2366050.54,684530.55
2015-05-01,140305.22,383652.74,502811.75,2315817.79,692484.83
2015-06-01,144904.68,402314.01,513938.84,2428654.75,660065.91
2015-07-01,121421.14,457022.25,542063.05,2606659.42,704308.28
2015-08-01,122427.7,431889.58,559634.58,2378426.73,692355.39
2015-09-01,139129.42,389478.79,575968.68,2388834.09,679887.37
2015-10-01,146999.6,395914.89,478271.56,2560937.77,661019.83
2015-11-01,180974.39,355656.82,415341.42,2429394.58,703819.6
2015-12-01,206345.1,398280.17,380390.25,2666194.71,725635.01
2016-01-01,234284.47,342003.31,387357.57,2406461.47,749757.76
2016-02-01,224872.66,353242.83,359256.92,2511479.59,638248.46
2016-03-01,247721.61,390128.08,414553.07,2668849.41,778784.1
2016-04-01,191709.56,382941.3,449911.73,2520451.03,695026.53
2016-05-01,175368.1,392726.72,520259.28,2428865.73,726384.17
2016-06-01,163043.44,417933.47,559757.24,2549293.51,680987.67
2016-07-01,200195.01,455044.59,610791.53,2533321.58,720028.06
2016-08-01,184036.62,459870.83,616974.13,2501092.17,744840.39
2016-09-01,186388.6,411622.13,563155.02,2470695.46,689106.25
2016-10-01,196962.01,392317.56,541494.5,2474077.49,776470.4
2016-11-01,220426.92,367817.64,430745.08,2605500.12,737630.05
2016-12-01,283869.25,392875.16,439693.97,2657136.69,625523.13
2017-01-01,301153.29,348937.82,442419.11,2576481.82,671131.19
2017-02-01,235274.16,338921.22,389531.64,2411742.59,595301.46
2017-03-01,210500.06,399523.9,454594.2,2734070.79,671628.71
2017-04-01,195036.81,397149.53,519835.26,2384340.99,653729.89
2017-05-01,201638.75,408095.25,557283.95,2550019.0,754263.73
2017-06-01,182950.6,438459.2,590983.26,2626116.01,654390.23
2017-07-01,163784.4,455136.34,659577.02,2594739.55,735895.51
2017-08-01,176495.81,466977.83,652820.87,2503929.58,727484.83
2017-09-01,134115.74,416028.33,618713.51,2488748.1,735606.94
2017-10-01,121947.91,413036.55,593396.13,2579576.39,745710.08
2017-11-01,129048.8,377646.99,459734.29,2676676.43,718015.0
2017-12-01,208953.09,398699.41,473170.3,2704757.61,689725.99
2018-01-01,207678.47,368480.67,448188.01,2626773.57,667332.1
2018-02-01,236740.16,352258.8,430419.74,2597803.02,666092.69
2018-03-01,255642.39,410497.32,495359.12,2765978.75,729846.6
2018-04-01,220605.84,401389.73,535887.18,2577853.78,753138.38
2018-05-01,195913.77,429404.22,583408.26,2605370.13,728889.68
2018-06-01,189265.38,441470.08,625802.66,2565018.32,666561.57
2018-07-01,203245.78,481598.38,677085.1,2656384.29,732739.4
2018-08-01,194999.93,502759.75,676837.09,2574972.93,703260.86
2018-09-01,192734.7,429616.98,632378.41,2426916.67,748555.59
2018-10-01,207304.38,442442.94,620410.36,2747479.55,707345.99
2018-11-01,255971.65,403175.94,491459.6,2657457.79,730284.35
2018-12-01,260628.14,429254.74,470531.64,2729303.41,707693.44
2019-01-01,284140.27,391478.87,477842.07,2785452.35,762513.74
2019-02-01,223671.68,377121.16,435614.11,2505320.66,648776.08
2019-03-01,208229.94,421773.44,527320.62,2616758.83,779015.78
2019-04-01,215132.42,441885.02,559638.19,2600582.81,763994.38
2019-05-01,198571.01,456469.74,606847.99,2641583.33,844034.97
2019-06-01,190565.06,455239.35,633793.21,2488600.6,686733.71
2019-07-01,161319.82,525475.32,698469.97,2737642.4,710958.3
2019-08-01,171090.38,526384.07,690255.15,2502827.11,686475.57
2019-09-01,161838.73,446302.06,657335.53,2441542.15,685567.68
2019-10-01,190449.98,471751.56,617131.44,2795066.86,605056.86
2019-11-01,175012.25,420913.2,500144.84,2724287.27,506969.41
2019-12-01,249455.13,450658.12,516309.8,2726851.9,562786.99
2020-01-01,252137.64,416673.78,474869.12,2797965.58,486656.93
2020-02-01,216031.8,414149.22,454075.87,2678363.7,460971.14
2020-03-01,246184.01,276365.05,297224.84,2400049.23,493778.2
2020-04-01,159040.9,97462.16,39497.56,1660795.26,488498.44
2020-05-01,102390.69,195652.78,46758.99,1919195.73,439930.74
2020-06-01,105335.29,351952.16,52764.1,2237549.46,463577.44
2020-07-01,117115.12,490371.3,183609.69,2557622.62,475876.55
2020-08-01,152161.82,473914.96,244677.12,2279782.58,488571.1
2020-09-01,176778.26,423353.52,176765.81,2404614.09,503702.16
2020-10-01,204712.19,406979.85,159359.2,2572796.2,506089.85
2020-11-01,155766.95,321950.11,127014.54,2360688.58,455804.01
2020-12-01,204719.43,384429.07,161319.93,2673654.6,529369.13
2021-01-01,224371.7,293146.06,128001.0,2335393.0,485619.37
2021-02-01,166035.83,299510.02,103515.79,2304179.01,423044.69
2021-03-01,174188.3,407322.41,123505.22,2791643.69,541067.1
2021-04-01,123448.86,377438.65,140343.0,2448229.67,505302.6
2021-05-01,107537.68,432848.68,176393.81,2520854.77,484193.72
2021-06-01,121899.15,483500.45,248326.6,2628985.76,508827.1
2021-07-01,119017.64,540217.21,394659.97,2693994.26,517741.86
2021-08-01,112247.93,540653.12,426644.89,2525759.39,578165.99
2021-09-01,120009.08,489443.9,397190.89,2637857.33,586735.55
2021-10-01,131932.68,483579.27,432246.24,2738674.8,516337.06
2021-11-01,182191.26,448378.0,376768.37,2863318.03,553414.0
2021-12-01,218126.62,451929.61,393765.49,2815540.48,572695.42
2022-01-01,204724.76,394960.81,350260.61,2586305.05,514768.6
2022-02-01,160444.46,416512.64,329017.63,2663822.18,575324.79
2022-03-01,185774.86,433893.6,409556.46,2563664.77,660165.9
2022-04-01,179591.64,471601.94,494966.32,2638029.8,636930.42
2022-05-01,134166.56,478873.41,530034.01,2673797.49,708289.26
2022-06-01,142480.09,501447.14,540594.97,2648087.31,667221.45
2022-07-01,135984.49,534584.68,607854.68,2613591.24,691371.6
2022-08-01,119104.84,565761.96,596051.08,2572012.22,701384.41
