x,y,shape
-0.8037392649314505,-0.8530526090979351,1
0.8528507281487729,0.3676184369996059,1
0.9271795061056534,-0.27490243756622473,1
-0.7526260566263646,-0.511565170496435,1
0.7068462242948815,0.8106791969349201,1
1.0346985222526954,0.39465502316680606,1
-0.4758451976999567,0.9897608052491426,1
-0.46030156696715135,-0.858997792847955,1
-0.6803015449553551,-0.6614948132135297,1
-1.0319692998897811,-0.021993544664472786,1
-0.24249837223970416,-1.0503327555845194,1
-0.8922583642696243,-0.3391692332153857,1
-0.802034403520755,-0.77416776747668,1
-0.047195569139956796,-1.0161379858475474,1
1.1947042666176362,-0.26900246098732894,1
-0.22148739017570518,-0.9191318958916752,1
-0.41047532001341613,0.9644790047943875,1
-0.838935270223631,-0.40797903502344335,1
-0.8891475108052228,0.614016108166731,1
0.9055641272606018,0.1845683965479906,1
-0.005794851561314873,-0.8844307094197479,1
-0.7038103949655755,0.5474924923489703,1
-1.070815706178142,-0.15898274661217776,1
1.0072376187923051,0.385175352050115,1
-0.584861589344916,0.7001177056148352,1
-0.8811401526282232,-0.011888759385060815,1
0.3269950429615886,0.9989085561223349,1
-1.047621137664612,0.11854357306077548,1
-0.11996048946103877,-1.0354107266343944,1
-0.7855329356894621,0.7134184692477883,1
0.64626878403344,-0.6435521607113924,1
-0.22493936970544892,-0.8832757178068656,1
-0.7192977459483437,-1.0133377180508023,1
-0.49549815863203106,-0.9193024001009618,1
-0.8655543338763422,-0.2556828217077825,1
-0.48027576048704373,0.7344258721568331,1
-0.5749240989766965,0.6409877387164752,1
-0.8595798498985887,0.49443233932262143,1
-0.28265519916827364,-0.863595305793604,1
-1.0065002335949174,-0.021416724179164834,1
0.7851123760707479,0.31277480516850886,1
-0.9788867704819076,-0.09269208739225476,1
-1.0229994600598684,0.3241227678284404,1
-0.2441251431724373,-0.976346931712131,1
-0.6380824608244486,-0.762434476965052,1
-0.7048956347885478,0.689572542922241,1
-0.9684060557140757,0.2980193525267316,1
-1.086022645655931,-0.28943566304773566,1
-0.7598403222247876,0.5914534242967799,1
-0.4171353939260106,0.9311215210987109,1
-0.9946155808690194,0.36541420201251884,1
-0.33546082062153787,0.9104856562753862,1
-0.7817876668413662,0.7888501983074505,1
-0.7881950337818848,-0.38289753072364763,1
-0.29672329145603527,1.0627190256295362,1
0.603422610800918,-0.8332913445710316,1
0.7617334767904221,-0.6464709233372187,1
-0.5748947619473357,-0.7834495749622271,1
0.8921440895517716,-0.216737656126802,1
-0.5006689273962444,0.8634064586497676,1
0.9350758074473382,0.09825036596730274,1
1.0044587850851587,-0.1575334229853749,1
-0.19966962714943748,1.0592972469385415,1
-0.788029457098908,0.5490921690636382,1
-0.01533481822724208,-0.9080542850926109,1
0.9248971587477159,-0.48859875867228403,1
-0.4816275221806261,-0.9187482433642803,1
0.7270509314315061,-0.7158471734395321,1
0.6369640497499164,-0.6823743934493648,1
0.9004933552161771,-0.6167030599333532,1
8.941856739653363e-4,0.836135739105192,1
-0.5425222885330996,0.8758907112512839,1
-0.8221796752272588,0.6428272922228514,1
0.7790528257946063,-0.6497653994002496,1
0.8479763254389721,0.06649989380643637,1
-0.19800828325692582,0.9679882416198466,1
-0.9154735346161287,-0.10984768772629477,1
-0.4438520716195927,0.7397405019721928,1
0.32767468778426734,1.1273213900732537,1
-0.31608093820813743,-1.1264365624859463,1
-0.28059201780699755,-1.08055137868903,1
-0.23904498156853587,0.900086951144226,1
-0.667160482091963,-0.9279020462251866,1
-0.28813077504570106,1.0723974442798,1
1.1435174071799488,0.36819454307017635,1
0.3061017371087675,1.1141219580399646,1
0.014524583251513096,-1.0411913338468095,1
-0.3498020824798893,-0.8933187371699145,1
-0.16979329226939313,1.073745447853502,1
-0.5190390469441566,0.9201127793023466,1
-0.14867444232045102,1.0540157364406642,1
0.2823286547445319,-0.9685972880952858,1
0.6789382055464233,0.679054894442866,1
0.5614207516545827,-0.8378359807713662,1
-0.44490253891206494,-0.9313836298302254,1
1.0773084823916663,-0.18590320336029595,1
-0.4430267051856287,1.04852266543875,1
0.8595534265667079,0.42933089337202995,1
0.9484301884442151,0.6246602863356786,1
0.8510002863211323,0.683223795657274,1
0.10055682386842602,1.0267912357181088,1
-0.4040630463574251,-0.8956770240093412,1
-0.056155579938554745,1.1930263113322197,1
-0.9183029749469968,-0.16788940006316558,1
-0.46468409159242724,0.8584796759237123,1
0.6557873592401139,-0.8143895531674559,1
-0.45938379516207317,-0.7955227794109607,1
0.32576470908811134,0.7271565426139865,1
0.6990588975598436,0.6970871732683964,1
-0.9833936306822071,-0.31629303929479013,1
-0.16238797242214945,-1.007095881447936,1
-0.7227553925912354,-0.7857750980495175,1
-0.9326558822481311,-0.21055680492733453,1
0.5937868370071635,0.8086133177342243,1
-0.013153580099094328,-0.9978199404663735,1
0.6575612700789685,-0.7728876232202163,1
-0.2305370035209682,-1.1948871106304553,1
0.14778654945424086,0.9050773314260503,1
0.8093646623617551,0.5477692332729149,1
-0.009407735321053316,0.9926825675648309,1
-0.183158587462188,0.9307236852640758,1
-1.0247988944185815,-0.1478061169916308,1
0.8839793040548749,0.44253917543921995,1
1.0222498772113258,0.0716783285836294,1
0.8702431104821238,-0.26509245460357733,1
0.15071369491689451,-0.8998206500876426,1
-0.858463241202387,-0.401678136971869,1
-0.9202555177712218,0.11343846678741122,1
-1.1317998325890308,-0.04553197658357703,1
0.6710755374525175,0.7883557228511546,1
0.9620106095594516,0.2536763158977556,1
0.4293570226195708,0.9774554158190446,1
-1.0267944928321744,-0.0990966219886329,1
0.2752028311723872,0.862920170292931,1
-0.8893997833282644,0.2589128712643165,1
-0.24653317344082773,-0.8259404421835932,1
-0.87508921730404,-0.683545953930707,1
-0.7620165287363427,0.26947162095020005,1
1.0628887952429864,-0.4225790951382313,1
-1.0136743519961315,0.607914395559285,1
-0.39424239212976486,0.8062671258375196,1
0.5577935121692381,0.6894171746773196,1
0.7090191610200038,-0.7834247468824728,1
-1.1022253998751057,-0.19567527678376723,1
0.6333102761383426,-0.8983686473918463,1
0.2990275725057387,-0.9016478006489389,1
0.700982846252247,-0.6587570921080783,1
0.7034446461927251,0.44448479326669543,1
0.3682010858438294,0.8052400332822619,1
0.4681268119222206,0.9114123097649385,1
-0.33659078940464593,-0.9455572688424428,1
0.10717084029153073,-0.9891408699237065,1
0.7357822997117707,-0.4079618504838176,1
-0.7067838837715212,-0.5849126158085467,1
0.5847583815902793,0.9534847943502199,1
0.9768537258351191,0.4451021933479177,1
-0.3761272622647168,-0.9122432093182428,1
-0.36628955880211705,-0.9925189599812441,1
-0.6394029408303379,1.0079999072788712,1
-0.5444274488867443,0.8385602164920145,1
-0.6051623054415559,-0.6871077356512593,1
-0.4321968026799504,-0.9335341807523261,1
-0.7344278270559473,-0.5454560826040773,1
-0.8596078735427074,0.580895335599817,1
0.5850666302433376,0.7799514075862471,1
0.3999873857102503,0.898426232640645,1
0.6183618858696491,-0.29393983909284105,1
-0.18792304240317143,0.9249098168659532,1
-0.2556502445470201,0.9366626978755648,1
0.7537282092777423,-0.46143785973601215,1
0.9259191945754413,-0.19020560066276188,1
0.02997049742661035,-0.8862509742221,1
-0.5114734137853353,0.6960325303540732,1
-0.9244893839738768,-0.32296729645831573,1
0.7384052410216428,-0.7073292814756517,1
-0.541463490422534,-0.7162098024836896,1
-0.9737490096893278,0.5712495419797445,1
0.732233944015412,-0.6077608488896442,1
0.3587589627437151,-0.8099163723808628,1
-0.10017182652462128,-1.0919369952041558,1
-0.749711052848709,-0.49121689273790586,1
-0.11509275286801732,1.0495446659030736,1
1.0144224288022623,0.4839788038700843,1
0.9828177818310345,-0.404788603406789,1
0.8898923243953903,0.5922283210473744,1
1.015821591089171,-0.25734440158941535,1
0.521892093128782,-0.9024667317133811,1
-0.38775896541263577,1.0900120537057818,1
1.0456863877680627,-0.4118388156101431,1
-0.49409573887297964,-0.8903699893392203,1
-0.9342207800824183,0.3478048308935521,1
-1.0556109719917726,0.15080325578167292,1
-0.7216585360041219,0.5854675368056624,1
0.604858021674682,0.8735893247055921,1
0.8185478456744287,0.14418948859685943,1
0.6829436579137957,-0.711958589959827,1
0.954946951615312,-0.5094802426344097,1
-0.7129269912445911,0.5144649958367004,1
0.26418923646205206,-1.119455635159969,1
-0.9534508861279092,-0.4319523534223487,1
0.7194247196204275,0.34202372378944934,1
0.7812253234410202,0.5042558864552498,1
-0.044867482498264485,-0.7977664335067376,1
0.7296108818089266,0.7280540136438636,1
1.069564039406218,0.17399479643293514,1
0.7821623250373114,-0.06695473169493396,1
0.9510819213736021,0.5269491242477617,1
0.5785242744095155,0.7996310216066357,1
-0.03892538876330995,-0.9799506932249136,1
-0.6958509032396808,0.74010781886963,1
0.6797237080549045,-0.7539552829320892,1
-0.7929151725371233,0.11246420866713555,1
0.8318114103934842,0.3112540215820211,1
-1.0403534229231313,0.1438958451777867,1
-0.25873951232261544,-0.978908628795017,1
0.6467924752486781,-0.745640187088232,1
-0.14258023966956662,1.0844192789660416,1
-1.195899470353286,0.2593841715610463,1
-0.37036060732712167,-0.7857914419598657,1
0.5742624766257319,-0.6762108037944012,1
0.6493844573873037,0.6037071046434331,1
0.8019176253708648,0.4455618536949642,1
0.9184278077944372,-0.31031771708325295,1
0.9258334911511138,0.02160675694677629,1
0.39350038292064277,0.763553073072889,1
-0.395457154352827,0.7454489337022498,1
1.0901190385854933,-0.2959594502021356,1
0.9438238171977742,-0.4204540592932262,1
-0.5894737948248374,0.7534369927804979,1
0.2537097037460873,-0.8887169893436847,1
-0.11210644599197894,1.0342784320699094,1
-0.39827770668831197,1.0644993222648882,1
-0.6086249672584614,-0.8127645563142534,1
0.188079180609719,0.9885837312688419,1
0.12218176245455661,-1.1322324146157923,1
-0.6829569314819812,-0.8563161971002656,1
-0.8710424858986484,0.10760362345481433,1
-0.9867576125046865,0.26233395102850604,1
0.5983861161758901,-0.8321756982002639,1
0.4925694751836984,0.9369078409731562,1
0.21631921899288298,0.9710961778354747,1
0.40134526502751544,-0.7256839539835632,1
-1.0502151444848231,0.10489562221786519,1
0.8636359241800814,-0.624883810978345,1
1.1905731720638493,-0.12036871313322992,1
0.3723162401581771,-1.0645503947580095,1
1.080193378984332,0.044670819418285684,1
0.9678012149543522,0.2631548189954153,1
0.1799586246815123,-0.9961181230500145,1
0.9152901634373666,0.19189272174789052,1
0.5370633494784333,-0.7435387805504516,1
0.9036789759939691,-0.5613821314267212,1
0.9171406949548888,-0.4425101675332064,1
0.8096302506778409,0.5889821101617888,1
-0.8002275523038271,-0.37800261074328795,1
-0.8503765087142529,0.4731758280013779,1
0.8077947426859698,0.553214405595499,1
-1.0167486783512911,-0.2531947110986165,1
0.9375224293136128,-0.47472458495691466,1
0.5396144708052381,0.8903877777164346,1
0.7496760597810831,-0.8359528788572399,1
-0.5687162434734926,0.8552193759506935,1
0.23142701158025258,-0.7474618727708688,1
-0.9274976154619156,-0.6014657116708368,1
0.28168415585388884,-1.049024657614215,1
-0.8096359329877638,-0.7160489598306069,1
-0.2466972092066187,-1.0083711256444645,1
-0.6786339340255799,-0.7535866817469847,1
0.21936473126435846,1.0141212126212795,1
0.5069416519503401,-0.8533111380108865,1
-0.42367931816141846,0.8489374412782243,1
0.9151443542779297,0.14818517737593434,1
0.4335981299527542,-0.7371540955266936,1
0.7564017982648037,-0.6255791404650255,1
1.0953763807967027,-0.29180535619252607,1
-0.9345179981103994,0.40430267423282873,1
0.9269427264700656,-0.3880222492722892,1
0.6730611210385846,0.5883780265143905,1
-0.07676054331642529,-0.9224240100513857,1
0.04413382017427406,-0.8588883284597767,1
-0.9901566076608854,0.0038454449412935604,1
0.32258328089627353,-1.0704242309387786,1
-0.5687743814994857,0.7403750361762091,1
0.6745759075609439,-0.6449418430379832,1
-0.5330570862651423,-0.9450858097413061,1
0.5139213630263184,-0.9181119622229852,1
-0.7382453929999016,0.567239675357562,1
-0.17112238523444823,-0.9984368939862004,1
-1.10484021463331,0.1836539102124576,1
0.12250626039438738,-0.9730690179219023,1
1.0302404536574634,0.08042724101256021,1
0.416450929395599,0.9601554494140658,1
-0.9586937601652911,0.22395840421416763,1
-0.33892233733782695,0.9122138018163941,1
0.9886495013713517,0.05674656239849567,1
1.1481014840075174,-0.35730986273222354,1
-0.34514559778942466,1.0259453467955644,1
-0.7938646210280792,-0.5806117721634971,1
0.3883728727262849,1.094986493514425,1
0.32211863991540984,1.0573634653259012,1
-0.775505693304205,0.7965758393934791,1
-0.6124196103815267,0.6947875504661946,1
-0.6433349449175669,-0.8294742188591879,1
0.5645242007798981,-0.8288783869233897,1
-0.04424075875230968,-1.0288685840528058,1
-0.6840820820374737,-0.6822106612706031,1
-0.7726631632264271,0.5910194345972046,1
0.8089364690071611,-0.6266097246289015,1
-0.42153036608570615,0.7832012907477958,1
0.5290901033477531,-0.8919339647094099,1
0.6140935533890249,0.7288752852443967,1
0.19728580244803806,0.8957787200621199,1
-0.6872197410535464,-0.6084327539268286,1
-0.2883080230893386,1.03844317861909,1
-0.7897862648488595,-0.5807532278132108,1
0.7577789414604758,-0.8424002166808672,1
0.03455384635047455,-0.7050473683058798,1
1.032610021616237,0.0773145280011211,1
-0.8988760830681256,0.06229819102265129,1
-0.26004689958190075,0.7412453211919215,1
-0.22150319289252196,-1.0197025013635679,1
2.2759855013404495e-4,-0.9225207185123371,1
-0.44031399730674675,0.9063698571452986,1
-1.089318467174969,0.2725199203972315,1
0.14367750936584456,1.0298883619999137,1
-0.728457466270771,-0.6982806962881097,1
0.9390645083074944,0.15741770963256327,1
-1.1438321011145007,-0.3329889435690146,1
1.085533708432031,0.20913297962032085,1
-0.8309204544490048,-0.8594036333944847,1
0.27757700183073536,0.9429717440704822,1
0.6879538420054119,0.8439430319175341,1
-0.2096480507964964,0.9114951035783422,1
0.8534077434831512,-0.4070644100897216,1
-0.21113646073282694,-0.8765192518307088,1
-0.8414869473071726,-0.38141566160963236,1
-0.23349226520686445,0.9752396526506741,1
0.8177520101433942,-0.18079492937217284,1
-0.8955881640971904,0.4417801131045203,1
-0.7737801064455477,0.3696654713883968,1
-0.22003111814481485,0.9351351850177179,1
0.8779794005610879,-0.6560262716145698,1
0.3711350995858639,1.0173876458303384,1
0.7867173044556972,-0.5174243562924676,1
0.035368561331064495,-1.0578785182421657,1
1.1030262438827352,0.04183294212434345,1
-0.25447803262807656,0.8177987471308437,1
-0.8426621036711884,-0.053324097934784175,1
-1.0707334195669211,0.16543303128978395,1
-0.4370556519180703,0.7267258009684103,1
-1.0367071220160762,-0.24343641243758646,1
0.8850862802094649,0.2581035492201954,1
-0.5051493361706806,0.879571313677461,1
-0.9255135893096624,0.29990033697925733,1
-0.8244748481647959,-0.332469834568734,1
0.9902773842287854,0.766065956562731,1
0.9697724356340615,-0.7548709272497778,1
-0.5854034664962539,-0.7416625044773542,1
-0.6619994062671675,-0.6141474140403703,1
1.0119863805697078,-0.47667175875113027,1
0.966548570381054,0.47591602249204434,1
0.8385847278795021,-0.18674654862007695,1
0.08781316113561548,-1.0879497045740523,1
-0.12746108093400554,0.9319577325248447,1
-1.0400494099536668,-0.42146765411033493,1
0.6001651906331689,0.6392879593664746,1
-1.0273117894321369,0.010812661748318284,1
0.7511665013589013,-0.8065615220188808,1
0.020445119974753567,1.148916981942195,1
0.9232926773082526,0.4109134090683844,1
-0.22655464279104545,0.9867717174988802,1
-0.8449610663651058,-0.5179832624141029,1
0.8806348932370175,-0.7130729418043255,1
-0.14488214779802555,0.921919457716819,1
-0.9011851573105467,0.3347085902083792,1
0.6789866192210546,-0.6395802083108342,1
-0.10071589141097324,-0.9357068092430294,1
-0.8833691176078038,-0.38922871482076365,1
0.8219633714291924,-0.4577531509607887,1
-1.0530298262084556,-0.24814219018786918,1
-0.8232779921261146,0.6992940771223319,1
-1.129490782608831,-0.20768013362876725,1
-0.3416677096765532,-1.0271546737872748,1
1.0686681135870395,0.2284331072350929,1
0.746526999229566,-0.15439098446538196,1
1.061989811546194,-0.13162780326691087,1
0.8193705017617879,0.6401408890847755,1
0.031085357101535982,-1.1276963446810861,1
-0.8616601268532972,-0.42492923287492074,1
0.866194005726362,-0.8028680486320512,1
0.9447268939323461,0.3653759748265573,1
-1.0890239612585426,-0.005019606480434868,1
-0.6842202013000691,-0.764100794822363,1
0.7856427060814407,0.44302844704324285,1
1.1874137660581803,0.09509353771604642,1
0.9747799678807479,0.07995209976647209,1
0.2921037072960162,1.0746682893211281,1
0.4887924468721172,-0.6649795251974059,1
-0.031224985311146085,-0.9421366160067599,1
-0.6370736077323779,-0.9052571602321348,1
-0.3214957059725802,-0.34122104363917405,2
0.3411402912595092,0.14704737479984237,2
0.37087180244226137,-0.1099609750264899,2
-0.3010504226505458,-0.204626068198574,2
0.2827384897179526,0.324271678773968,2
0.41387940890107816,0.15786200926672242,2
-0.19033807907998268,0.39590432209965704,2
-0.18412062678686053,-0.343599117139182,2
-0.27212061798214204,-0.2645979252854119,2
-0.41278771995591246,-0.008797417865789114,2
-0.09699934889588166,-0.4201331022338078,2
-0.35690334570784976,-0.1356676932861543,2
-0.320813761408302,-0.309667106990672,2
-0.018878227655982717,-0.406455194339019,2
0.4778817066470545,-0.10760098439493157,2
-0.08859495607028207,-0.3676527583566701,2
-0.16419012800536645,0.385791601917755,2
-0.3355741080894524,-0.16319161400937734,2
-0.35565900432208913,0.2456064432666924,2
0.3622256509042407,0.07382735861919623,2
-0.0023179406245259493,-0.35377228376789915,2
-0.2815241579862302,0.21899699693958813,2
-0.4283262824712568,-0.0635930986448711,2
0.40289504751692207,0.154070140820046,2
-0.23394463573796642,0.2800470822459341,2
-0.3524560610512893,-0.004755503754024326,2
0.13079801718463543,0.39956342244893395,2
-0.4190484550658448,0.04741742922431019,2
-0.047984195784415505,-0.41416429065375776,2
-0.3142131742757849,0.2853673876991153,2
0.258507513613376,-0.25742086428455696,2
-0.08997574788217957,-0.35331028712274626,2
-0.2877190983793375,-0.4053350872203209,2
-0.1981992634528124,-0.3677209600403847,2
-0.34622173355053687,-0.102273128683113,2
-0.1921103041948175,0.29377034886273323,2
-0.2299696395906786,0.25639509548659006,2
-0.3438319399594355,0.19777293572904858,2
-0.11306207966730945,-0.3454381223174416,2
-0.40260009343796693,-0.008566689671665934,2
0.31404495042829916,0.12510992206740354,2
-0.39155470819276306,-0.03707683495690191,2
-0.40919978402394735,0.12964910713137617,2
-0.09765005726897492,-0.39053877268485243,2
-0.2552329843297795,-0.30497379078602077,2
-0.2819582539154191,0.2758290171688964,2
-0.3873624222856303,0.11920774101069265,2
-0.4344090582623724,-0.11577426521909426,2
-0.30393612888991506,0.23658136971871196,2
-0.16685415757040425,0.37244860843948435,2
-0.39784623234760774,0.14616568080500753,2
-0.13418432824861515,0.3641942625101545,2
-0.3127150667365465,0.3155400793229802,2
-0.3152780135127539,-0.15315901228945905,2
-0.1186893165824141,0.4250876102518145,2
0.24136904432036718,-0.33331653782841264,2
0.30469339071616885,-0.2585883693348875,2
-0.22995790477893427,-0.31337982998489083,2
0.3568576358207086,-0.0866950624507208,2
-0.20026757095849773,0.34536258345990706,2
0.3740303229789353,0.0393001463869211,2
0.4017835140340635,-0.06301336919414996,2
-0.07986785085977499,0.42371889877541663,2
-0.3152117828395632,0.21963686762545528,2
-0.006133927290896832,-0.36322171403704434,2
0.36995886349908635,-0.19543950346891362,2
-0.19265100887225045,-0.36749929734571213,2
0.29082037257260246,-0.2863388693758128,2
0.25478561989996656,-0.2729497573797459,2
0.36019734208647086,-0.24668122397334127,2
3.576742695861345e-4,0.3344542956420768,2
-0.21700891541323983,0.3503562845005136,2
-0.3288718700909035,0.2571309168891406,2
0.31162113031784255,-0.25990615976009984,2
0.3391905301755888,0.026599957522574547,2
-0.07920331330277033,0.38719529664793867,2
-0.3661894138464515,-0.04393907509051791,2
-0.1775408286478371,0.29589620078887713,2
0.13106987511370694,0.4509285560293015,2
-0.12643237528325496,-0.4505746249943785,2
-0.11223680712279901,-0.432220551475612,2
-0.09561799262741436,0.3600347804576904,2
-0.2668641928367852,-0.37116081849007465,2
-0.11525231001828043,0.42895897771192004,2
0.4574069628719795,0.14727781722807054,2
0.12244069484350699,0.44564878321598583,2
0.005809833300605238,-0.4164765335387238,2
-0.13992083299195573,-0.3573274948679658,2
-0.06791731690775725,0.4294981791414008,2
-0.20761561877766263,0.3680451117209386,2
-0.05946977692818041,0.42160629457626564,2
0.11293146189781275,-0.3874389152381143,2
0.2715752822185693,0.27162195777714643,2
0.2245683006618331,-0.33513439230854647,2
-0.17796101556482596,-0.37255345193209016,2
0.43092339295666654,-0.07436128134411837,2
-0.17721068207425147,0.4194090661755,2
0.34382137062668316,0.17173235734881198,2
0.379372075377686,0.24986411453427143,2
0.3404001145284529,0.2732895182629096,2
0.040222729547370405,0.41071649428724355,2
-0.16162521854297004,-0.3582708096037365,2
-0.0224622319754219,0.47721052453288787,2
-0.3673211899787987,-0.06715576002526623,2
-0.1858736366369709,0.34339187036948493,2
0.2623149436960456,-0.3257558212669823,2
-0.18375351806482926,-0.31820911176438427,2
0.13030588363524453,0.29086261704559463,2
0.27962355902393743,0.27883486930735857,2
-0.3933574522728828,-0.12651721571791605,2
-0.06495518896885978,-0.40283835257917444,2
-0.28910215703649417,-0.314310039219807,2
-0.37306235289925244,-0.0842227219709338,2
0.2375147348028654,0.3234453270936897,2
-0.005261432039637731,-0.3991279761865494,2
0.2630245080315874,-0.3091550492880865,2
-0.09221480140838728,-0.4779548442521821,2
0.05911461978169634,0.3620309325704201,2
0.32374586494470203,0.21910769330916596,2
-0.0037630941284213263,0.39707302702593233,2
-0.0732634349848752,0.3722894741056303,2
-0.4099195577674326,-0.059122446796652316,2
0.35359172162194996,0.17701567017568798,2
0.4088999508845303,0.02867133143345176,2
0.3480972441928495,-0.10603698184143093,2
0.0602854779667578,-0.359928260035057,2
-0.34338529648095484,-0.1606712547887476,2
-0.36810220710848873,0.04537538671496449,2
-0.4527199330356123,-0.01821279063343081,2
0.268430214981007,0.31534228914046186,2
0.38480424382378065,0.10147052635910223,2
0.17174280904782832,0.39098216632761784,2
-0.41071779713286977,-0.03963864879545316,2
0.11008113246895487,0.3451680681171724,2
-0.35575991333130574,0.1035651485057266,2
-0.0986132693763311,-0.3303761768734373,2
-0.350035686921616,-0.2734183815722828,2
-0.3048066114945371,0.10778864838008002,2
0.42515551809719454,-0.1690316380552925,2
-0.4054697407984526,0.24316575822371397,2
-0.15769695685190593,0.3225068503350078,2
0.22311740486769524,0.2757668698709278,2
0.28360766440800156,-0.3133698987529891,2
-0.44089015995004227,-0.0782701107135069,2
0.25332411045533704,-0.35934745895673853,2
0.11961102900229548,-0.3606591202595756,2
0.2803931385008988,-0.26350283684323134,2
0.28137785847709,0.17779391730667818,2
0.14728043433753174,0.32209601331290477,2
0.18725072476888824,0.3645649239059754,2
-0.13463631576185836,-0.3782229075369771,2
0.042868336116612296,-0.3956563479694826,2
0.29431291988470826,-0.16318474019352705,2
-0.2827135535086085,-0.2339650463234187,2
0.2339033526361117,0.38139391774008796,2
0.39074149033404765,0.17804087733916707,2
-0.15045090490588672,-0.36489728372729713,2
-0.14651582352084683,-0.39700758399249764,2
-0.25576117633213513,0.40319996291154847,2
-0.21777097955469774,0.3354240865968058,2
-0.24206492217662237,-0.2748430942605037,2
-0.17287872107198016,-0.3734136723009304,2
-0.29377113082237893,-0.21818243304163093,2
-0.34384314941708294,0.2323581342399268,2
0.23402665209733503,0.31198056303449884,2
0.1599949542841001,0.359370493056258,2
0.24734475434785966,-0.11757593563713642,2
-0.07516921696126858,0.3699639267463813,2
-0.10226009781880804,0.3746650791502259,2
0.3014912837110969,-0.18457514389440485,2
0.3703676778301765,-0.07608224026510475,2
0.01198819897064414,-0.35450038968884,2
-0.20458936551413412,0.2784130121416293,2
-0.36979575358955075,-0.1291869185833263,2
0.2953620964086571,-0.2829317125902607,2
-0.21658539616901362,-0.28648392099347586,2
-0.3894996038757311,0.22849981679189782,2
0.2928935776061648,-0.2431043395558577,2
0.14350358509748604,-0.3239665489523451,2
-0.040068730609848516,-0.4367747980816623,2
-0.2998844211394836,-0.19648675709516233,2
-0.046037101147206924,0.4198178663612294,2
0.4057689715209049,0.19359152154803372,2
0.3931271127324138,-0.1619154413627156,2
0.3559569297581561,0.23689132841894978,2
0.4063286364356684,-0.10293776063576614,2
0.2087568372515128,-0.36098669268535244,2
-0.15510358616505432,0.43600482148231273,2
0.41827455510722505,-0.16473552624405724,2
-0.19763829554919185,-0.3561479957356881,2
-0.3736883120329673,0.13912193235742082,2
-0.422244388796709,0.06032130231266917,2
-0.2886634144016488,0.23418701472226497,2
0.2419432086698728,0.34943572988223687,2
0.3274191382697715,0.05767579543874377,2
0.2731774631655183,-0.2847834359839308,2
0.3819787806461248,-0.2037920970537639,2
-0.28517079649783644,0.20578599833468014,2
0.10567569458482082,-0.4477822540639876,2
-0.3813803544511637,-0.17278094136893948,2
0.28776988784817104,0.13680948951577973,2
0.3124901293764081,0.2017023545820999,2
-0.017946992999305793,-0.31910657340269505,2
0.2918443527235707,0.29122160545754544,2
0.42782561576248723,0.06959791857317406,2
0.31286493001492455,-0.026781892677973585,2
0.38043276854944086,0.2107796496991047,2
0.2314097097638062,0.3198524086426543,2
-0.01557015550532398,-0.39198027728996543,2
-0.2783403612958723,0.296043127547852,2
0.27188948322196177,-0.3015821131728357,2
-0.31716606901484934,0.04498568346685422,2
0.33272456415739365,0.12450160863280843,2
-0.4161413691692525,0.05755833807111468,2
-0.10349580492904617,-0.3915634515180068,2
0.25871699009947124,-0.2982560748352928,2
-0.05703209586782665,0.43376771158641664,2
-0.47835978814131436,0.10375366862441852,2
-0.14814424293084866,-0.3143165767839463,2
0.22970499065029276,-0.2704843215177605,2
0.25975378295492146,0.24148284185737326,2
0.3207670501483459,0.17822474147798567,2
0.36737112311777487,-0.12412708683330118,2
0.3703333964604455,0.008642702778710517,2
0.15740015316825712,0.3054212292291556,2
-0.1581828617411308,0.29817957348089996,2
0.43604761543419734,-0.11838378008085423,2
0.3775295268791097,-0.16818162371729048,2
-0.23578951792993497,0.30137479711219917,2
0.10148388149843493,-0.3554867957374739,2
-0.04484257839679158,0.4137113728279638,2
-0.1593110826753248,0.4257997289059553,2
-0.24344998690338454,-0.32510582252570136,2
0.0752316722438876,0.3954334925075368,2
0.04887270498182265,-0.4528929658463169,2
-0.2731827725927925,-0.34252647884010623,2
-0.3484169943594594,0.04304144938192574,2
-0.3947030450018746,0.10493358041140241,2
0.23935444647035603,-0.3328702792801056,2
0.19702779007347937,0.37476313638926245,2
0.0865276875971532,0.3884384711341899,2
0.16053810601100618,-0.2902735815934253,2
-0.42008605779392927,0.041958248887146075,2
0.3454543696720326,-0.249953524391338,2
0.47622926882553973,-0.04814748525329197,2
0.14892649606327085,-0.4258201579032038,2
0.43207735159373284,0.017868327767314274,2
0.38712048598174087,0.10526192759816613,2
0.07198344987260492,-0.3984472492200058,2
0.3661160653749466,0.0767570886991562,2
0.2148253397913733,-0.29741551222018064,2
0.36147159039758764,-0.2245528525706885,2
0.3668562779819555,-0.17700406701328256,2
0.32385210027113637,0.23559284406471553,2
-0.32009102092153086,-0.15120104429731518,2
-0.34015060348570114,0.18927033120055117,2
0.3231178970743879,0.22128576223819957,2
-0.4066994713405164,-0.1012778844394466,2
0.3750089717254451,-0.18988983398276588,2
0.21584578832209522,0.35615511108657383,2
0.29987042391243324,-0.33438115154289594,2
-0.22748649738939702,0.3420877503802774,2
0.09257080463210103,-0.29898474910834755,2
-0.3709990461847662,-0.24058628466833473,2
0.11267366234155554,-0.41960986304568604,2
-0.3238543731951055,-0.28641958393224276,2
-0.09867888368264748,-0.4033484502577858,2
-0.271453573610232,-0.30143467269879387,2
0.08774589250574338,0.4056484850485118,2
0.20277666078013606,-0.3413244552043546,2
-0.16947172726456738,0.33957497651128976,2
0.3660577417111719,0.059274070950373736,2
0.1734392519811017,-0.29486163821067746,2
0.3025607193059215,-0.2502316561860102,2
0.4381505523186811,-0.11672214247701043,2
-0.3738071992441597,0.1617210696931315,2
0.3707770905880262,-0.15520889970891566,2
0.26922444841543386,0.2353512106057562,2
-0.030704217326570117,-0.3689696040205543,2
0.01765352806970962,-0.3435553313839107,2
-0.3960626430643542,0.0015381779765174242,2
0.1290333123585094,-0.42816969237551145,2
-0.22750975259979428,0.29615001447048367,2
0.2698303630243776,-0.25797673721519326,2
-0.2132228345060569,-0.3780343238965224,2
0.20556854521052736,-0.3672447848891941,2
-0.2952981571999606,0.2268958701430248,2
-0.0684489540937793,-0.39937475759448016,2
-0.441936085853324,0.07346156408498304,2
0.04900250415775495,-0.3892276071687609,2
0.4120961814629854,0.03217089640502409,2
0.16658037175823961,0.38406217976562634,2
-0.3834775040661164,0.08958336168566705,2
-0.13556893493513078,0.36488552072655767,2
0.3954598005485407,0.022698624959398266,2
0.45924059360300695,-0.14292394509288942,2
-0.13805823911576987,0.41037813871822576,2
-0.3175458484112317,-0.23224470886539886,2
0.15534914909051395,0.43799459740576996,2
0.12884745596616393,0.4229453861303605,2
-0.31020227732168204,0.31863033575739164,2
-0.2449678441526107,0.27791502018647785,2
-0.2573339779670268,-0.33178968754367516,2
0.22580968031195922,-0.3315513547693559,2
-0.017696303500923872,-0.41154743362112234,2
-0.27363283281498946,-0.27288426450824127,2
-0.3090652652905709,0.23640777383888184,2
0.32357458760286445,-0.2506438898515606,2
-0.16861214643428246,0.3132805162991183,2
0.21163604133910124,-0.35677358588376396,2
0.24563742135560998,0.29155011409775866,2
0.07891432097921522,0.35831148802484797,2
-0.2748878964214186,-0.24337310157073144,2
-0.11532320923573544,0.415377271447636,2
-0.3159145059395438,-0.23230129112528433,2
0.3031115765841903,-0.3369600866723469,2
0.013821538540189821,-0.2820189473223519,2
0.4130440086464948,0.03092581120044844,2
-0.3595504332272502,0.02491927640906052,2
-0.1040187598327603,0.2964981284767686,2
-0.08860127715700879,-0.40788100054542714,2
9.103942005361798e-5,-0.36900828740493485,2
-0.1761255989226987,0.3625479428581194,2
-0.4357273868699876,0.1090079681588926,2
0.057471003746337825,0.4119553447999655,2
-0.2913829865083084,-0.2793122785152439,2
0.3756258033229978,0.06296708385302531,2
-0.4575328404458003,-0.13319557742760585,2
0.43421348337281235,0.08365319184812833,2
-0.3323681817796019,-0.34376145335779384,2
0.11103080073229414,0.3771886976281929,2
0.27518153680216473,0.33757721276701363,2
-0.08385922031859856,0.3645980414313369,2
0.3413630973932605,-0.16282576403588864,2
-0.08445458429313077,-0.35060770073228353,2
-0.33659477892286904,-0.15256626464385295,2
-0.09339690608274578,0.39009586106026967,2
0.32710080405735764,-0.07231797174886914,2
-0.3582352656388762,0.1767120452418081,2
-0.30951204257821907,0.1478661885553587,2
-0.08801244725792594,0.3740540740070871,2
0.35119176022443516,-0.26241050864582793,2
0.14845403983434555,0.40695505833213536,2
0.31468692178227886,-0.20696974251698705,2
0.014147424532425798,-0.4231514072968663,2
0.44121049755309405,0.01673317684973738,2
-0.10179121305123062,0.3271194988523375,2
-0.3370648414684754,-0.02132963917391367,2
-0.42829336782676847,0.06617321251591358,2
-0.17482226076722812,0.29069032038736414,2
-0.41468284880643047,-0.09737456497503458,2
0.35403451208378595,0.10324141968807816,2
-0.20205973446827225,0.3518285254709844,2
-0.370205435723865,0.11996013479170294,2
-0.3297899392659184,-0.1329879338274936,2
0.39611095369151417,0.3064263826250924,2
0.3879089742536246,-0.3019483708999111,2
-0.23416138659850155,-0.2966650017909417,2
-0.264799762506867,-0.24565896561614814,2
0.40479455222788313,-0.19066870350045212,2
0.3866194281524216,0.19036640899681773,2
0.33543389115180083,-0.07469861944803077,2
0.03512526445424619,-0.4351798818296209,2
-0.050984432373602215,0.3727830930099379,2
-0.41601976398146673,-0.16858706164413398,2
0.24006607625326754,0.25571518374658986,2
-0.4109247157728547,0.004325064699327313,2
0.3004666005435605,-0.3226246088075523,2
0.008178047989901427,0.45956679277687795,2
0.369317070923301,0.16436536362735377,2
-0.09062185711641818,0.3947086869995521,2
-0.3379844265460423,-0.20719330496564115,2
0.352253957294807,-0.2852291767217302,2
-0.05795285911921022,0.36876778308672764,2
-0.3604740629242187,0.13388343608335168,2
0.27159464768842184,-0.25583208332433366,2
-0.040286356564389295,-0.37428272369721177,2
-0.3533476470431215,-0.15569148592830545,2
0.32878534857167696,-0.18310126038431548,2
-0.42121193048338224,-0.09925687607514767,2
-0.32931119685044585,0.27971763084893275,2
-0.4517963130435324,-0.0830720534515069,2
-0.13666708387062126,-0.4108618695149099,2
0.4274672454348158,0.09137324289403717,2
0.2986107996918264,-0.06175639378615279,2
0.42479592461847765,-0.052651121306764345,2
0.32774820070471516,0.2560563556339102,2
0.012434142840614393,-0.45107853787243446,2
-0.3446640507413189,-0.1699716931499683,2
0.3464776022905448,-0.3211472194528205,2
0.37789075757293844,0.14615038993062293,2
-0.435609584503417,-0.002007842592173947,2
-0.27368808052002763,-0.3056403179289452,2
0.3142570824325763,0.17721137881729715,2
0.4749655064232721,0.03803741508641857,2
0.3899119871522992,0.031980839906588836,2
0.11684148291840649,0.42986731572845127,2
0.19551697874884688,-0.26599181007896233,2
-0.012489994124458434,-0.37685464640270394,2
-0.25482944309295114,-0.3621028640928539,2
-0.8976689499104396,-2.0305330139658064,3
-0.5547512423945591,-2.0262866837856315,3
-1.333690527244471,-2.0051468644426333,3
-1.0513521070824936,-2.197266335973404,3
-0.793370652361773,-1.998877174961485,3
-1.2214478416135535,-1.9764655142706173,3
-0.12921307235956192,-2.0950369853521114,3
-0.9388045066734776,-2.1757147975195332,3
-1.0145329335937276,-2.0359960650915174,3
-1.376912968698889,-2.3121589558424525,3
-0.7110109361819923,-1.8327452887756925,3
-1.4309736377326772,-1.9309450183551027,3
-0.32478874165099114,-2.097667032007112,3
-0.29844598285853863,-1.9984865824395106,3
-1.4157357264775783,-2.016545417525043,3
-0.4602096771122888,-2.166021336852687,3
-1.371835934347473,-2.0878434380265505,3
-0.516426685382612,-1.9034184161397625,3
-1.2347574593732134,-2.1155821306734004,3
-0.9138983997981995,-2.0751395711615603,3
-0.572651487775147,-2.074508435585474,3
-0.9598449845798314,-1.8772947514525946,3
-0.701898219413124,-2.0190857993821414,3
-0.8963863140670583,-1.9445689254025316,3
-0.15936776180751622,-1.9228566872896276,3
-0.6551911574788392,-2.038006679979076,3
-1.337223304552026,-2.112855138835598,3
-0.4121268333401531,-1.9829898222960016,3
-1.0045415048953146,-2.0358542332051064,3
-0.42442595260217786,-1.8557061509313404,3
-1.4733083616010845,-2.051994686324327,3
-0.04943221004214138,-2.0310642094399314,3
-0.07912480062805116,-1.931726253539845,3
-0.6242983073461801,-2.0663578420365436,3
-0.20866437361110002,-2.0017950548636914,3
-1.394666064181365,-1.9503408983468389,3
-1.108760958071798,-2.0404274700505693,3
-1.4223440723726526,-2.121164881021411,3
-0.8996944099199027,-1.968725628326384,3
-0.8260842233430594,-2.0279861864189668,3
-0.8304398576729,-2.2019855134544715,3
-0.5306811695918441,-1.973042113682221,3
-0.05444774916395545,-1.9868200749130822,3
-0.2368929299991578,-2.167877127038153,3
-0.7270285264821723,-2.0525879503304054,3
-1.4790641837753356,-2.0175124623445124,3
-0.5097058990504593,-2.055663076339161,3
-1.419708262081258,-1.9448151590891476,3
-0.363145918934606,-2.1576051513280263,3
-1.0161049148300663,-2.0954292772391137,3
-0.3677442470798269,-2.044986342459853,3
-0.4633802950847894,-1.8556093604848427,3
-1.4289675594773144,-2.0155254088813823,3
-0.0036349897272884846,-2.10217189079899,3
-0.3444530109409243,-1.846153025281689,3
-1.1952865237835795,-2.023117597412646,3
-1.2334340322995558,-1.944807613784829,3
-1.382996585802175,-1.8878205963130021,3
-0.7689596893033013,-1.9590454607647507,3
-1.1037320215255022,-1.8699738473959122,3
-1.459589346544817,-2.0790921271535217,3
-0.42116130923386663,-1.8401380546251453,3
-0.6227330644614995,-2.182290027350444,3
-0.860899782855995,-2.097536311397685,3
-1.2638413987588137,-2.0586460658851777,3
-0.028267333866097033,-1.976689044819759,3
-1.4779986594803631,-2.0473448624825337,3
-0.2965238553006202,-1.941688901931143,3
-1.4291879357770085,-1.9579970552708121,3
-0.8598183434223756,-1.9321139091429451,3
-1.383451832109131,-1.8517538974830532,3
-0.94767586060334,-2.1425284037761854,3
-0.4364660909632221,-1.9030025019349917,3
-0.5189123981399462,-2.0265465767861874,3
-0.5671736758667976,-2.080310555068517,3
-0.6663396625081077,-2.1777034101915964,3
-0.3699729609070346,-2.0849036891625667,3
-0.20819846901576966,-2.0299478219146017,3
-1.0539090066449717,-2.194024447918985,3
-0.9050655788742006,-2.0360032787633844,3
-0.6418133145198226,-1.948989381283018,3
-1.3531145254382864,-2.1297970418529646,3
-0.5104765748837963,-2.000484740234794,3
-1.1209235968999565,-2.1344852234888965,3
-0.8008391676703468,-2.0051684185231156,3
-0.7395559254800901,-1.9105150206640922,3
-1.298684268258512,-2.2179882272794185,3
-0.7033251287648454,-1.7693583567732791,3
-0.1941311100963503,-2.116775035555093,3
-1.1113328954670578,-1.9059570281326845,3
-0.07148447306826711,-1.792089840393812,3
-0.002052424242720008,-2.094382402327334,3
-0.03260739776305854,-2.067545414512636,3
-0.08575291314627975,-1.8978349672002588,3
-0.2790744421072304,-2.0817503430666977,3
-0.7279021177673712,-2.0957120734010988,3
-0.8613748904317617,-1.8418880720173296,3
-0.04604353825561702,-1.8233557198512627,3
-0.8262086673639715,-2.0227035158885545,3
-1.0050512416055426,-1.7718889805024727,3
-0.042707328451797366,-3.0532218092437793,4
-1.0257167662493885,-3.0498500477357613,4
-0.7910318481735885,-3.1150139577575855,4
-0.2808695510029793,-2.987375907727189,4
-1.1882057528709993,-2.952713610082887,4
-1.2332410864764825,-3.0186525215206435,4
-1.1244113420834765,-3.161928644995828,4
-1.2888963249279186,-3.040275904621941,4
-0.12067960342392325,-2.9587187758194835,4
-1.4062663380755112,-3.0720719404060524,4
-0.4418891763780266,-3.0590065230419112,4
-1.3180272546596825,-3.1169626617861668,4
-0.39052138931583613,-2.940854335392816,4
-0.34915969509165734,-3.066863894900174,4
-0.7576114777475595,-2.6832062352783543,4
-0.08972291846293956,-2.898696058264185,4
-0.641169395414181,-3.016598731965138,4
-0.4417018125532195,-2.999758352773239,4
-1.031110945274122,-3.071730198317441,4
-1.4391455235891044,-2.9718661971691978,4
-0.19220710918307304,-2.999271810288639,4
-1.061437523458153,-3.1729700226408335,4
-0.9417106860782951,-3.18434736164092,4
-1.1724796041380614,-2.9398796968589744,4
-0.03478960774373263,-3.231793757081662,4
-0.5171290347352624,-3.0380312073719575,4
-0.41801718750502914,-2.834483509980844,4
-0.5220761775271967,-3.1662855049015532,4
-0.24224211426917464,-2.970527033421841,4
-0.055336010875180364,-2.8430098560806596,4
-0.10503366217017174,-2.9488053103237952,4
-0.8022325588390231,-2.8714097598936057,4
-0.7780872168950737,-3.0967514753559713,4
-0.2802998375846073,-2.9367610645493265,4
-1.442145501379855,-2.981692133235368,4
-0.7446400778135285,-2.8649883883076264,4
-1.0934217766625807,-2.7512672328555747,4
-0.1368107203161344,-2.9885338302918534,4
-0.4147569271735847,-2.890425963599602,4
-0.3070823064772412,-3.0402709871192966,4
-0.17161988967563957,-3.0359069714354474,4
-0.31883194483816624,-3.0552788229916454,4
-0.6262713252799585,-3.135467498027566,4
-1.4891798979369923,-2.992666113793774,4
-0.3010433327872306,-3.003898852999213,4
-0.8138602639082819,-2.9278130116018635,4
-0.25924478634260595,-3.0214918957806183,4
-0.7053159435745329,-3.0915584933773483,4
-0.22792952705640346,-3.0128438540802174,4
-0.35894922085572034,-2.8159789512178612,4
-0.3410424623871222,-2.954946874400936,4
-1.1243874878855422,-2.9725206322339295,4
-0.8638567356392741,-2.8943623582002926,4
-0.5811265718657523,-2.8207945720945746,4
-0.22913205774966627,-2.828918078390135,4
-0.19299602543469518,-3.0431428933937457,4
-1.0394209512742236,-3.0079276864385114,4
-0.34355130535550416,-3.0363225044500592,4
-0.5455710244132206,-3.0200990473036904,4
-0.7846695083426312,-2.9548718070163664,4
-1.0421323694754392,-3.0479941984802212,4
-0.3342769704759121,-3.11655251801267,4
-0.4745813640765846,-3.023894397129058,4
-0.9464184619719163,-2.8550165348090966,4
-0.4622860508970916,-2.8147126127746853,4
-0.9394437291193753,-3.0403231504462784,4
-0.8130636080168188,-2.917303168404383,4
-0.7926618161145598,-3.012913490241264,4
-0.7336601129500195,-3.012152688679837,4
-1.2763690443243831,-3.067427328480046,4
-0.4983711257809773,-3.157843379879441,4
-0.09559179260395467,-2.8197923603552884,4
-1.3064790358766913,-2.919888318613549,4
-0.4679640586255118,-3.179226472750817,4
-0.23055210092570633,-3.034741872627545,4
-1.3238729200093076,-2.844568407067035,4
-0.5907889640657231,-2.98935072068141,4
-0.6405445255804807,-2.980749107932952,4
-0.4374864308629185,-2.915077203285906,4
-0.13327661412768066,-2.9009485388246725,4
-0.8509009595727548,-2.9372417788355203,4
-0.8803489044075832,-2.958478451444396,4
-1.4547592783346772,-2.852506093516528,4
-0.9790368843823671,-2.8290527926088482,4
-0.3407061598263681,-2.977164039805068,4
-0.7712156481575221,-3.020811688206064,4
-0.9039100940572098,-2.998785424472765,4
-1.2807448161765933,-2.9650277336745035,4
-0.40230264980345964,-3.0677644642409865,4
-0.8466723945457488,-2.9357817320802613,4
-0.030424635973758996,-3.1289438035269366,4
-0.04212812602054328,-2.7773932745025522,4
-1.3141240153927356,-3.2483419358975882,4
-0.8795998028945178,-2.9827165721294238,4
-0.13205575640313327,-3.0058904147654477,4
-0.8954238885780796,-2.945254770269502,4
-0.9650777344359085,-3.0410473602104307,4
-0.2565509886480868,-2.7597594839686397,4
-0.7848740026820451,-3.014422093944235,4
-1.0591943431645632,-2.997660355716536,4
-1.0047800929751247,-0.7045704290673349,5
0.6452988751698285,-2.437964565215653,5
-0.11904431367293,-0.7869185191422063,5
0.4154107498470694,-0.025039365762927757,5
-0.13226028042845428,-3.353462155339917,5
1.342191374860704,-1.5845178121131727,5
1.150222571566701,1.2538741495817596,5
0.8325215487275273,-1.7740210555321454,5
-1.3533826146740466,-2.4236679798788847,5
0.4175712796859443,-0.5423306183464295,5
-1.0564113585278392,-1.7230008907908392,5
-0.22817605175077915,0.4837446283852196,5
-1.3772744536399841,0.082048862474279,5
-0.338760505663231,-0.20024155589032255,5
0.5881997274700552,-2.4252158014167424,5
0.7152524327393621,-0.6407961673165626,5
-0.5165573589038104,-0.6187774493142258,5
-0.4032859692815691,-3.0834585318332852,5
-1.401169982040301,-0.3721660970638786,5
1.2231038811150938,-0.6993867541153453,5
-0.8815455478616059,-2.058397238612694,5
1.1991267087869346,-1.2086494596372714,5
-1.0205484721809626,1.0479732298308555,5
0.6081033730879426,-0.21590272230534735,5
0.35065536363981664,-2.277229314596573,5
1.1660931562073529,-0.9088759934992618,5
0.6341356532648206,0.7468453063403047,5
1.090422407258302,-0.9675478165259375,5
-1.1956522862892598,-1.5114327154046825,5
-0.020780419232323766,0.16480523859826568,5
1.0420065990183502,-1.4652773416761415,5
-0.07727809622883797,-1.2306300487433843,5
0.5388339338824153,-0.14419084746901978,5
-1.1227718833833933,0.7791443319706532,5
0.27742741210386157,-1.825342715690874,5
-0.6010712371207774,-1.2288799526346434,5
0.31284085172228515,-1.0690373174875258,5
1.3397713496815413,-0.10586894258458057,5
0.5018456317484379,0.5404061702468583,5
0.7436624737456441,0.6911065002257215,5
1.0043356537353247,-1.2272169158630848,5
-0.9070121962577105,-0.06878903702979133,5
-0.6049937345087528,-1.8736026292168657,5
-1.1762081114575267,-1.5378213733531516,5
0.05475783068686724,-2.1969441912583125,5
1.411261493805796,-2.1004158180478667,5
1.4922076233197004,-0.4087800696441145,5
-0.5824017988052219,-0.2662874323075398,5
-1.085107472492382,-0.7827224377756995,5
-0.1325628887861967,-1.762214043390277,5
1.1124121941360228,-2.727043569901944,6
1.0697774490472751,-2.597345266904835,6
1.0180907478694348,-2.4378809740954424,6
0.9830397169594212,-2.4337438327702117,6
0.9765471952647315,-2.5650990248720245,6
0.8645069307162953,-2.5208737068554283,6
1.0629956078520477,-2.320308835285826,6
1.0447270152516537,-2.6098778414894412,6
0.895595814154325,-2.322225790824675,6
0.9812714425376226,-2.4683055591855423,6
1.1287290870292117,-2.3950423578368434,6
1.127409281326188,-2.552628078500674,6
0.8778838641807643,-2.6120212536302403,6
1.0802021906549621,-2.4601740505933267,6
1.0126830700702607,-2.4578693196996304,6
1.0388514857183542,-2.542515364905058,6
0.9127803826788612,-2.5876991005981105,6
0.9792913009991024,-2.370000339569047,6
0.7941587311027946,-2.6336786756494996,6
0.9260876682885504,-2.357075757026735,6
0.9693377875624584,-2.559469312008645,6
1.1303417633533213,-2.6882686457820206,6
0.8941340144944891,-2.2819688768276,6
1.0301720185835217,-2.4621222721356366,6
1.0089973186832775,-2.6069312828704985,6
0.8636607749428878,-2.5375144981621944,6
1.0282523871303602,-2.579479771846238,6
1.1580699450433825,-2.4684877131288725,6
1.094004024632186,-2.4866060614316345,6
1.1131430232010815,-2.6240551575578843,6
0.9786304099306155,-2.4743519463079,6
1.095783890475,-2.5674070206745747,6
0.7629190370464328,-2.4366772646214883,6
0.8746741390645155,-2.439763512675606,6
0.9825152048367035,-2.503403368652627,6
1.0108511592901088,-2.578970636054902,6
1.051692045431265,-2.547043555421421,6
1.0721634385944805,-2.60128181376277,6
0.9540056167223703,-2.416644672992658,6
0.9518388453488825,-2.3645976437768264,6
0.9650724677746522,-2.4949927288013547,6
0.9438234028156292,-2.466311924435555,6
0.9875297301601935,-2.5208998873319395,6
1.0877552327860636,-2.478154001210316,6
1.046334691360602,-2.312652479207628,6
0.9560634663670554,-2.47382781950283,6
0.9307582707503197,-2.366530548064358,6
0.9895547206409441,-2.4752253353854905,6
0.9792000087432868,-2.637578486118361,6
1.1219308412228224,-2.6190539781757307,6
